BIOMD0000000498	R-HSA-917977	8.191346134722721E-7	https://reactome.org/PathwayBrowser/#/R-HSA-917977	Transferrin endocytosis and recycling	IEA	Homo sapiens
BIOMD0000000287	R-HSA-69563	6.066213418698396E-6	https://reactome.org/PathwayBrowser/#/R-HSA-69563	p53-Dependent G1 DNA Damage Response	IEA	Homo sapiens
BIOMD0000000287	R-HSA-2559586	6.066213418698396E-6	https://reactome.org/PathwayBrowser/#/R-HSA-2559586	DNA Damage/Telomere Stress Induced Senescence	IEA	Homo sapiens
BIOMD0000000287	R-HSA-6804756	1.6334945616369723E-5	https://reactome.org/PathwayBrowser/#/R-HSA-6804756	Regulation of TP53 Activity through Phosphorylation	IEA	Homo sapiens
BIOMD0000000287	R-HSA-6804760	1.649716159413117E-5	https://reactome.org/PathwayBrowser/#/R-HSA-6804760	Regulation of TP53 Activity through Methylation	IEA	Homo sapiens
BIOMD0000000287	R-HSA-6804757	7.571948582674182E-5	https://reactome.org/PathwayBrowser/#/R-HSA-6804757	Regulation of TP53 Degradation	IEA	Homo sapiens
BIOMD0000000287	R-HSA-69895	1.2647462800874365E-4	https://reactome.org/PathwayBrowser/#/R-HSA-69895	Transcriptional  activation of  cell cycle inhibitor p21 	IEA	Homo sapiens
BIOMD0000000287	R-HSA-69541	1.3713878285503966E-4	https://reactome.org/PathwayBrowser/#/R-HSA-69541	Stabilization of p53	IEA	Homo sapiens
BIOMD0000000287	R-HSA-6803207	7.522378481452652E-4	https://reactome.org/PathwayBrowser/#/R-HSA-6803207	TP53 Regulates Transcription of Caspase Activators and Caspases	IEA	Homo sapiens
BIOMD0000000287	R-HSA-6804116	7.522378481452652E-4	https://reactome.org/PathwayBrowser/#/R-HSA-6804116	TP53 Regulates Transcription of Genes Involved in G1 Cell Cycle Arrest	IEA	Homo sapiens
BIOMD0000000287	R-HSA-6804114	8.289930562301873E-4	https://reactome.org/PathwayBrowser/#/R-HSA-6804114	TP53 Regulates Transcription of Genes Involved in G2 Cell Cycle Arrest	IEA	Homo sapiens
BIOMD0000000287	R-HSA-6803204	0.0017458171887967389	https://reactome.org/PathwayBrowser/#/R-HSA-6803204	TP53 Regulates Transcription of Genes Involved in Cytochrome C Release	IEA	Homo sapiens
BIOMD0000000209	R-HSA-452723	1.226812624821605E-7	https://reactome.org/PathwayBrowser/#/R-HSA-452723	Transcriptional regulation of pluripotent stem cells	IEA	Homo sapiens
BIOMD0000000209	R-HSA-383280	1.5229680361272813E-6	https://reactome.org/PathwayBrowser/#/R-HSA-383280	Nuclear Receptor transcription pathway	IEA	Homo sapiens
BIOMD0000000209	R-HSA-2892245	5.768667413752482E-6	https://reactome.org/PathwayBrowser/#/R-HSA-2892245	POU5F1 (OCT4), SOX2, NANOG repress genes related to differentiation	IEA	Homo sapiens
BIOMD0000000251	R-HSA-112409	7.66053886991358E-15	https://reactome.org/PathwayBrowser/#/R-HSA-112409	RAF-independent MAPK1/3 activation	IEA	Homo sapiens
BIOMD0000000251	R-HSA-450341	5.974924549567717E-7	https://reactome.org/PathwayBrowser/#/R-HSA-450341	Activation of the AP-1 family of transcription factors	IEA	Homo sapiens
BIOMD0000000251	R-HSA-202670	8.228769328155749E-7	https://reactome.org/PathwayBrowser/#/R-HSA-202670	ERKs are inactivated	IEA	Homo sapiens
BIOMD0000000251	R-HSA-198753	1.8075264762718035E-6	https://reactome.org/PathwayBrowser/#/R-HSA-198753	ERK/MAPK targets	IEA	Homo sapiens
BIOMD0000000251	R-HSA-5674499	2.582441547560599E-5	https://reactome.org/PathwayBrowser/#/R-HSA-5674499	Negative feedback regulation of MAPK pathway	IEA	Homo sapiens
BIOMD0000000251	R-HSA-6802948	4.838166820776424E-4	https://reactome.org/PathwayBrowser/#/R-HSA-6802948	Signaling by high-kinase activity BRAF mutants	IEA	Homo sapiens
BIOMD0000000251	R-HSA-5674135	5.92947901185692E-4	https://reactome.org/PathwayBrowser/#/R-HSA-5674135	MAP2K and MAPK activation	IEA	Homo sapiens
BIOMD0000000251	R-HSA-6802952	0.0015183001685615816	https://reactome.org/PathwayBrowser/#/R-HSA-6802952	Signaling by BRAF and RAF fusions	IEA	Homo sapiens
BIOMD0000000457	R-SCE-72731	9.721823346353631E-11	https://reactome.org/PathwayBrowser/#/R-SCE-72731	Recycling of eIF2:GDP	IEA	Saccharomyces cerevisiae
BIOMD0000000457	R-SCE-72702	2.2990109815879123E-9	https://reactome.org/PathwayBrowser/#/R-SCE-72702	Ribosomal scanning and start codon recognition	IEA	Saccharomyces cerevisiae
BIOMD0000000457	R-SCE-156827	8.924221250872222E-7	https://reactome.org/PathwayBrowser/#/R-SCE-156827	L13a-mediated translational silencing of Ceruloplasmin expression	IEA	Saccharomyces cerevisiae
BIOMD0000000457	R-SCE-72695	1.5022025199318279E-5	https://reactome.org/PathwayBrowser/#/R-SCE-72695	Formation of the ternary complex, and subsequently, the 43S complex	IEA	Saccharomyces cerevisiae
BIOMD0000000457	R-SCE-156842	8.783760256481088E-6	https://reactome.org/PathwayBrowser/#/R-SCE-156842	Eukaryotic Translation Elongation	IEA	Saccharomyces cerevisiae
BIOMD0000000457	R-SCE-72662	1.365556700523296E-4	https://reactome.org/PathwayBrowser/#/R-SCE-72662	Activation of the mRNA upon binding of the cap-binding complex and eIFs, and subsequent binding to 43S	IEA	Saccharomyces cerevisiae
BIOMD0000000116	R-SCE-166016	4.783891919313277E-5	https://reactome.org/PathwayBrowser/#/R-SCE-166016	Toll Like Receptor 4 (TLR4) Cascade	IEA	Saccharomyces cerevisiae
BIOMD0000000116	R-SCE-168638	5.825711537943423E-5	https://reactome.org/PathwayBrowser/#/R-SCE-168638	NOD1/2 Signaling Pathway	IEA	Saccharomyces cerevisiae
BIOMD0000000116	R-SCE-112411	5.825711537943423E-5	https://reactome.org/PathwayBrowser/#/R-SCE-112411	MAPK1 (ERK2) activation	IEA	Saccharomyces cerevisiae
BIOMD0000000116	R-SCE-450302	1.0599751442974537E-4	https://reactome.org/PathwayBrowser/#/R-SCE-450302	activated TAK1 mediates p38 MAPK activation	IEA	Saccharomyces cerevisiae
BIOMD0000000116	R-SCE-445144	1.9579880850040254E-4	https://reactome.org/PathwayBrowser/#/R-SCE-445144	Signal transduction by L1	IEA	Saccharomyces cerevisiae
BIOMD0000000116	R-SCE-110056	1.9579880850040254E-4	https://reactome.org/PathwayBrowser/#/R-SCE-110056	MAPK3 (ERK1) activation	IEA	Saccharomyces cerevisiae
BIOMD0000000116	R-SCE-5674135	1.9579880850040254E-4	https://reactome.org/PathwayBrowser/#/R-SCE-5674135	MAP2K and MAPK activation	IEA	Saccharomyces cerevisiae
BIOMD0000000116	R-SCE-5674499	1.9579880850040254E-4	https://reactome.org/PathwayBrowser/#/R-SCE-5674499	Negative feedback regulation of MAPK pathway	IEA	Saccharomyces cerevisiae
BIOMD0000000116	R-SCE-5675221	3.828014318774109E-4	https://reactome.org/PathwayBrowser/#/R-SCE-5675221	Negative regulation of MAPK pathway	IEA	Saccharomyces cerevisiae
BIOMD0000000116	R-SCE-5673001	3.828014318774109E-4	https://reactome.org/PathwayBrowser/#/R-SCE-5673001	RAF/MAP kinase cascade	IEA	Saccharomyces cerevisiae
BIOMD0000000116	R-SCE-112409	3.828014318774109E-4	https://reactome.org/PathwayBrowser/#/R-SCE-112409	RAF-independent MAPK1/3 activation	IEA	Saccharomyces cerevisiae
BIOMD0000000116	R-SCE-170968	4.7026825791463E-4	https://reactome.org/PathwayBrowser/#/R-SCE-170968	Frs2-mediated activation	IEA	Saccharomyces cerevisiae
BIOMD0000000116	R-SCE-198753	4.7026825791463E-4	https://reactome.org/PathwayBrowser/#/R-SCE-198753	ERK/MAPK targets	IEA	Saccharomyces cerevisiae
BIOMD0000000116	R-SCE-2559580	4.7026825791463E-4	https://reactome.org/PathwayBrowser/#/R-SCE-2559580	Oxidative Stress Induced Senescence	IEA	Saccharomyces cerevisiae
BIOMD0000000467	R-HSA-5218920	1.5739365366584934E-10	https://reactome.org/PathwayBrowser/#/R-HSA-5218920	VEGFR2 mediated vascular permeability	IEA	Homo sapiens
BIOMD0000000467	R-HSA-203615	1.0717416398797752E-8	https://reactome.org/PathwayBrowser/#/R-HSA-203615	eNOS activation	IEA	Homo sapiens
BIOMD0000000467	R-HSA-445355	3.3384608746267475E-4	https://reactome.org/PathwayBrowser/#/R-HSA-445355	Smooth Muscle Contraction	IEA	Homo sapiens
BIOMD0000000467	R-HSA-9022535	3.970927939034308E-4	https://reactome.org/PathwayBrowser/#/R-HSA-9022535	Loss of phosphorylation of MECP2 at T308	IEA	Homo sapiens
BIOMD0000000467	R-HSA-442729	7.178788801591729E-4	https://reactome.org/PathwayBrowser/#/R-HSA-442729	CREB1 phosphorylation through the activation of CaMKII/CaMKK/CaMKIV cascasde	IEA	Homo sapiens
BIOMD0000000467	R-HSA-9619229	7.763413651540318E-4	https://reactome.org/PathwayBrowser/#/R-HSA-9619229	Activation of RAC1 downstream of NMDARs	IEA	Homo sapiens
BIOMD0000000467	R-HSA-451308	8.196653238885521E-4	https://reactome.org/PathwayBrowser/#/R-HSA-451308	Activation of Ca-permeable Kainate Receptor	IEA	Homo sapiens
BIOMD0000000467	R-HSA-111932	8.196653238885521E-4	https://reactome.org/PathwayBrowser/#/R-HSA-111932	CaMK IV-mediated phosphorylation of CREB	IEA	Homo sapiens
BIOMD0000000467	R-HSA-2025928	8.446378137723087E-4	https://reactome.org/PathwayBrowser/#/R-HSA-2025928	Calcineurin activates NFAT	IEA	Homo sapiens
BIOMD0000000467	R-HSA-418359	9.086264134011701E-4	https://reactome.org/PathwayBrowser/#/R-HSA-418359	Reduction of cytosolic Ca++ levels	IEA	Homo sapiens
BIOMD0000000467	R-HSA-425561	9.086264134011701E-4	https://reactome.org/PathwayBrowser/#/R-HSA-425561	Sodium/Calcium exchangers	IEA	Homo sapiens
BIOMD0000000467	R-HSA-5607763	0.0010454160848314409	https://reactome.org/PathwayBrowser/#/R-HSA-5607763	CLEC7A (Dectin-1) induces NFAT activation	IEA	Homo sapiens
BIOMD0000000467	R-HSA-5210891	0.0014193979166443604	https://reactome.org/PathwayBrowser/#/R-HSA-5210891	Uptake and function of anthrax toxins	IEA	Homo sapiens
BIOMD0000000467	R-HSA-9617324	0.001600613064587364	https://reactome.org/PathwayBrowser/#/R-HSA-9617324	Negative regulation of NMDA receptor-mediated neuronal transmission	IEA	Homo sapiens
BIOMD0000000467	R-HSA-442982	0.001600613064587364	https://reactome.org/PathwayBrowser/#/R-HSA-442982	Ras activation upon Ca2+ influx through NMDA receptor	IEA	Homo sapiens
BIOMD0000000467	R-HSA-8949215	0.001600613064587364	https://reactome.org/PathwayBrowser/#/R-HSA-8949215	Mitochondrial calcium ion transport	IEA	Homo sapiens
BIOMD0000000467	R-HSA-9620244	0.002036786720262862	https://reactome.org/PathwayBrowser/#/R-HSA-9620244	Long-term potentiation	IEA	Homo sapiens
BIOMD0000000467	R-HSA-5626467	0.0021910020948667785	https://reactome.org/PathwayBrowser/#/R-HSA-5626467	RHO GTPases activate IQGAPs	IEA	Homo sapiens
BIOMD0000000467	R-HSA-354192	0.0023476981372744232	https://reactome.org/PathwayBrowser/#/R-HSA-354192	Integrin alphaIIb beta3 signaling	IEA	Homo sapiens
BIOMD0000000467	R-HSA-111997	0.0023476981372744232	https://reactome.org/PathwayBrowser/#/R-HSA-111997	CaM pathway	IEA	Homo sapiens
BIOMD0000000467	R-HSA-111933	0.0023476981372744232	https://reactome.org/PathwayBrowser/#/R-HSA-111933	Calmodulin induced events	IEA	Homo sapiens
BIOMD0000000467	R-HSA-76009	0.0032031815140047826	https://reactome.org/PathwayBrowser/#/R-HSA-76009	Platelet Aggregation (Plug Formation)	IEA	Homo sapiens
BIOMD0000000467	R-HSA-9649948	0.0032031815140047826	https://reactome.org/PathwayBrowser/#/R-HSA-9649948	Signaling downstream of RAS mutants	IEA	Homo sapiens
BIOMD0000000467	R-HSA-6802946	0.0032031815140047826	https://reactome.org/PathwayBrowser/#/R-HSA-6802946	Signaling by moderate kinase activity BRAF mutants	IEA	Homo sapiens
BIOMD0000000467	R-HSA-6802955	0.0032031815140047826	https://reactome.org/PathwayBrowser/#/R-HSA-6802955	Paradoxical activation of RAF signaling by kinase inactive BRAF	IEA	Homo sapiens
BIOMD0000000467	R-HSA-5576892	0.00486963628702064	https://reactome.org/PathwayBrowser/#/R-HSA-5576892	Phase 0 - rapid depolarisation	IEA	Homo sapiens
BIOMD0000000427	R-HSA-5674499	5.001473669552503E-6	https://reactome.org/PathwayBrowser/#/R-HSA-5674499	Negative feedback regulation of MAPK pathway	IEA	Homo sapiens
BIOMD0000000427	R-HSA-5673001	1.1992180306596989E-4	https://reactome.org/PathwayBrowser/#/R-HSA-5673001	RAF/MAP kinase cascade	IEA	Homo sapiens
BIOMD0000000427	R-HSA-5675221	1.669506436713375E-4	https://reactome.org/PathwayBrowser/#/R-HSA-5675221	Negative regulation of MAPK pathway	IEA	Homo sapiens
BIOMD0000000427	R-HSA-6802948	1.669506436713375E-4	https://reactome.org/PathwayBrowser/#/R-HSA-6802948	Signaling by high-kinase activity BRAF mutants	IEA	Homo sapiens
BIOMD0000000427	R-HSA-9649948	2.0293629102707822E-4	https://reactome.org/PathwayBrowser/#/R-HSA-9649948	Signaling downstream of RAS mutants	IEA	Homo sapiens
BIOMD0000000427	R-HSA-6802946	2.0293629102707822E-4	https://reactome.org/PathwayBrowser/#/R-HSA-6802946	Signaling by moderate kinase activity BRAF mutants	IEA	Homo sapiens
BIOMD0000000427	R-HSA-6802955	2.0293629102707822E-4	https://reactome.org/PathwayBrowser/#/R-HSA-6802955	Paradoxical activation of RAF signaling by kinase inactive BRAF	IEA	Homo sapiens
BIOMD0000000427	R-HSA-5674135	1.669506436713375E-4	https://reactome.org/PathwayBrowser/#/R-HSA-5674135	MAP2K and MAPK activation	IEA	Homo sapiens
BIOMD0000000427	R-HSA-6802952	4.908004654807785E-4	https://reactome.org/PathwayBrowser/#/R-HSA-6802952	Signaling by BRAF and RAF fusions	IEA	Homo sapiens
BIOMD0000000427	R-HSA-1227986	3.416092755658129E-4	https://reactome.org/PathwayBrowser/#/R-HSA-1227986	Signaling by ERBB2	IEA	Homo sapiens
BIOMD0000000427	R-HSA-444257	3.433807834500868E-4	https://reactome.org/PathwayBrowser/#/R-HSA-444257	RSK activation	IEA	Homo sapiens
BIOMD0000000427	R-HSA-110056	6.843508775291607E-4	https://reactome.org/PathwayBrowser/#/R-HSA-110056	MAPK3 (ERK1) activation	IEA	Homo sapiens
BIOMD0000000427	R-HSA-179812	8.552344947265755E-4	https://reactome.org/PathwayBrowser/#/R-HSA-179812	GRB2 events in EGFR signaling	IEA	Homo sapiens
BIOMD0000000427	R-HSA-180336	9.8124777885511E-4	https://reactome.org/PathwayBrowser/#/R-HSA-180336	SHC1 events in EGFR signaling	IEA	Homo sapiens
BIOMD0000000427	R-HSA-1963640	0.0012567864247206018	https://reactome.org/PathwayBrowser/#/R-HSA-1963640	GRB2 events in ERBB2 signaling	IEA	Homo sapiens
BIOMD0000000427	R-HSA-199418	0.001604211421496693	https://reactome.org/PathwayBrowser/#/R-HSA-199418	Negative regulation of the PI3K/AKT network	IEA	Homo sapiens
BIOMD0000000427	R-HSA-5637810	0.0010042588649572526	https://reactome.org/PathwayBrowser/#/R-HSA-5637810	Constitutive Signaling by EGFRvIII	IEA	Homo sapiens
BIOMD0000000427	R-HSA-112409	0.001999916754943598	https://reactome.org/PathwayBrowser/#/R-HSA-112409	RAF-independent MAPK1/3 activation	IEA	Homo sapiens
BIOMD0000000427	R-HSA-1250196	0.0023767400153731355	https://reactome.org/PathwayBrowser/#/R-HSA-1250196	SHC1 events in ERBB2 signaling	IEA	Homo sapiens
BIOMD0000000427	R-HSA-5673000	0.0029086408529521712	https://reactome.org/PathwayBrowser/#/R-HSA-5673000	RAF activation	IEA	Homo sapiens
BIOMD0000000427	R-HSA-442742	0.0025481714369256503	https://reactome.org/PathwayBrowser/#/R-HSA-442742	CREB1 phosphorylation through NMDA receptor-mediated activation of RAS signaling	IEA	Homo sapiens
BIOMD0000000427	R-HSA-1236382	0.0013918143231199664	https://reactome.org/PathwayBrowser/#/R-HSA-1236382	Constitutive Signaling by Ligand-Responsive EGFR Cancer Variants	IEA	Homo sapiens
BIOMD0000000157	R-HSA-6804760	1.5027470095363427E-4	https://reactome.org/PathwayBrowser/#/R-HSA-6804760	Regulation of TP53 Activity through Methylation	IEA	Homo sapiens
BIOMD0000000157	R-HSA-6804757	2.079146407727439E-4	https://reactome.org/PathwayBrowser/#/R-HSA-6804757	Regulation of TP53 Degradation	IEA	Homo sapiens
BIOMD0000000157	R-HSA-69541	3.69611817666593E-4	https://reactome.org/PathwayBrowser/#/R-HSA-69541	Stabilization of p53	IEA	Homo sapiens
BIOMD0000000157	R-HSA-69563	3.69611817666593E-4	https://reactome.org/PathwayBrowser/#/R-HSA-69563	p53-Dependent G1 DNA Damage Response	IEA	Homo sapiens
BIOMD0000000157	R-HSA-6804756	5.156660376580691E-4	https://reactome.org/PathwayBrowser/#/R-HSA-6804756	Regulation of TP53 Activity through Phosphorylation	IEA	Homo sapiens
BIOMD0000000157	R-HSA-6804754	0.0017879492079508896	https://reactome.org/PathwayBrowser/#/R-HSA-6804754	Regulation of TP53 Expression	IEA	Homo sapiens
BIOMD0000000157	R-HSA-69895	0.0023794160429035927	https://reactome.org/PathwayBrowser/#/R-HSA-69895	Transcriptional  activation of  cell cycle inhibitor p21 	IEA	Homo sapiens
BIOMD0000000157	R-HSA-6803211	0.004289159698643186	https://reactome.org/PathwayBrowser/#/R-HSA-6803211	TP53 Regulates Transcription of Death Receptors and Ligands	IEA	Homo sapiens
BIOMD0000000157	R-HSA-6803207	0.004289159698643186	https://reactome.org/PathwayBrowser/#/R-HSA-6803207	TP53 Regulates Transcription of Caspase Activators and Caspases	IEA	Homo sapiens
BIOMD0000000177	R-SCE-70171	1.9014664509597878E-7	https://reactome.org/PathwayBrowser/#/R-SCE-70171	Glycolysis	IEA	Saccharomyces cerevisiae
BIOMD0000000255	R-HSA-1963642	1.7763568394002505E-15	https://reactome.org/PathwayBrowser/#/R-HSA-1963642	PI3K events in ERBB2 signaling	IEA	Homo sapiens
BIOMD0000000255	R-HSA-8847993	1.7763568394002505E-15	https://reactome.org/PathwayBrowser/#/R-HSA-8847993	ERBB2 Activates PTK6 Signaling	IEA	Homo sapiens
BIOMD0000000255	R-HSA-6785631	1.7763568394002505E-15	https://reactome.org/PathwayBrowser/#/R-HSA-6785631	ERBB2 Regulates Cell Motility	IEA	Homo sapiens
BIOMD0000000255	R-HSA-1963640	1.7763568394002505E-15	https://reactome.org/PathwayBrowser/#/R-HSA-1963640	GRB2 events in ERBB2 signaling	IEA	Homo sapiens
BIOMD0000000255	R-HSA-1236394	1.7763568394002505E-15	https://reactome.org/PathwayBrowser/#/R-HSA-1236394	Signaling by ERBB4	IEA	Homo sapiens
BIOMD0000000255	R-HSA-2219530	1.7763568394002505E-15	https://reactome.org/PathwayBrowser/#/R-HSA-2219530	Constitutive Signaling by Aberrant PI3K in Cancer	IEA	Homo sapiens
BIOMD0000000255	R-HSA-1227986	1.7763568394002505E-15	https://reactome.org/PathwayBrowser/#/R-HSA-1227986	Signaling by ERBB2	IEA	Homo sapiens
BIOMD0000000255	R-HSA-8863795	1.7763568394002505E-15	https://reactome.org/PathwayBrowser/#/R-HSA-8863795	Downregulation of ERBB2 signaling	IEA	Homo sapiens
BIOMD0000000255	R-HSA-199418	1.7763568394002505E-15	https://reactome.org/PathwayBrowser/#/R-HSA-199418	Negative regulation of the PI3K/AKT network	IEA	Homo sapiens
BIOMD0000000255	R-HSA-1250196	1.7763568394002505E-15	https://reactome.org/PathwayBrowser/#/R-HSA-1250196	SHC1 events in ERBB2 signaling	IEA	Homo sapiens
BIOMD0000000255	R-HSA-9607240	1.7763568394002505E-15	https://reactome.org/PathwayBrowser/#/R-HSA-9607240	FLT3 Signaling	IEA	Homo sapiens
BIOMD0000000255	R-HSA-5673001	1.7763568394002505E-15	https://reactome.org/PathwayBrowser/#/R-HSA-5673001	RAF/MAP kinase cascade	IEA	Homo sapiens
BIOMD0000000255	R-HSA-6811558	1.7763568394002505E-15	https://reactome.org/PathwayBrowser/#/R-HSA-6811558	PI5P, PP2A and IER3 Regulate PI3K/AKT Signaling	IEA	Homo sapiens
BIOMD0000000255	R-HSA-74751	4.9960036108132044E-15	https://reactome.org/PathwayBrowser/#/R-HSA-74751	Insulin receptor signalling cascade	IEA	Homo sapiens
BIOMD0000000255	R-HSA-112399	1.4577228313328305E-13	https://reactome.org/PathwayBrowser/#/R-HSA-112399	IRS-mediated signalling	IEA	Homo sapiens
BIOMD0000000255	R-HSA-2428928	2.48245868306185E-13	https://reactome.org/PathwayBrowser/#/R-HSA-2428928	IRS-related events triggered by IGF1R	IEA	Homo sapiens
BIOMD0000000255	R-HSA-1236382	2.5712765250318625E-13	https://reactome.org/PathwayBrowser/#/R-HSA-1236382	Constitutive Signaling by Ligand-Responsive EGFR Cancer Variants	IEA	Homo sapiens
BIOMD0000000255	R-HSA-180292	6.191713808334498E-13	https://reactome.org/PathwayBrowser/#/R-HSA-180292	GAB1 signalosome	IEA	Homo sapiens
BIOMD0000000255	R-HSA-5637810	1.7197354651443675E-12	https://reactome.org/PathwayBrowser/#/R-HSA-5637810	Constitutive Signaling by EGFRvIII	IEA	Homo sapiens
BIOMD0000000255	R-HSA-109704	3.668065851059055E-12	https://reactome.org/PathwayBrowser/#/R-HSA-109704	PI3K Cascade	IEA	Homo sapiens
BIOMD0000000255	R-HSA-177929	4.797162667102839E-12	https://reactome.org/PathwayBrowser/#/R-HSA-177929	Signaling by EGFR	IEA	Homo sapiens
BIOMD0000000255	R-HSA-1250342	7.120304346130979E-12	https://reactome.org/PathwayBrowser/#/R-HSA-1250342	PI3K events in ERBB4 signaling	IEA	Homo sapiens
BIOMD0000000255	R-HSA-2424491	1.1447842673817377E-11	https://reactome.org/PathwayBrowser/#/R-HSA-2424491	DAP12 signaling	IEA	Homo sapiens
BIOMD0000000255	R-HSA-389356	1.7744028468769102E-11	https://reactome.org/PathwayBrowser/#/R-HSA-389356	CD28 co-stimulation	IEA	Homo sapiens
BIOMD0000000255	R-HSA-1250347	4.724221014384966E-11	https://reactome.org/PathwayBrowser/#/R-HSA-1250347	SHC1 events in ERBB4 signaling	IEA	Homo sapiens
BIOMD0000000255	R-HSA-389357	1.478182021230623E-10	https://reactome.org/PathwayBrowser/#/R-HSA-389357	CD28 dependent PI3K/Akt signaling	IEA	Homo sapiens
BIOMD0000000255	R-HSA-112409	2.299216372847468E-10	https://reactome.org/PathwayBrowser/#/R-HSA-112409	RAF-independent MAPK1/3 activation	IEA	Homo sapiens
BIOMD0000000255	R-HSA-912526	2.4290969236062665E-10	https://reactome.org/PathwayBrowser/#/R-HSA-912526	Interleukin receptor SHC signaling	IEA	Homo sapiens
BIOMD0000000255	R-HSA-2730905	3.066380482863451E-10	https://reactome.org/PathwayBrowser/#/R-HSA-2730905	Role of LAT2/NTAL/LAB on calcium mobilization	IEA	Homo sapiens
BIOMD0000000255	R-HSA-198203	5.30487653804812E-10	https://reactome.org/PathwayBrowser/#/R-HSA-198203	PI3K/AKT activation	IEA	Homo sapiens
BIOMD0000000255	R-HSA-1358803	1.4916021751076869E-9	https://reactome.org/PathwayBrowser/#/R-HSA-1358803	Downregulation of ERBB2:ERBB3 signaling	IEA	Homo sapiens
BIOMD0000000255	R-HSA-5654687	1.833206364487694E-9	https://reactome.org/PathwayBrowser/#/R-HSA-5654687	Downstream signaling of activated FGFR1	IEA	Homo sapiens
BIOMD0000000255	R-HSA-5675221	3.1459440608117006E-9	https://reactome.org/PathwayBrowser/#/R-HSA-5675221	Negative regulation of MAPK pathway	IEA	Homo sapiens
BIOMD0000000255	R-HSA-1306955	4.2715470049969895E-9	https://reactome.org/PathwayBrowser/#/R-HSA-1306955	GRB7 events in ERBB2 signaling	IEA	Homo sapiens
BIOMD0000000255	R-HSA-5654710	9.329233496835343E-9	https://reactome.org/PathwayBrowser/#/R-HSA-5654710	PI-3K cascade:FGFR3	IEA	Homo sapiens
BIOMD0000000255	R-HSA-5654720	1.1424954871053217E-8	https://reactome.org/PathwayBrowser/#/R-HSA-5654720	PI-3K cascade:FGFR4	IEA	Homo sapiens
BIOMD0000000255	R-HSA-5654689	1.6037202232865866E-8	https://reactome.org/PathwayBrowser/#/R-HSA-5654689	PI-3K cascade:FGFR1	IEA	Homo sapiens
BIOMD0000000255	R-HSA-8851907	2.6214053594486586E-8	https://reactome.org/PathwayBrowser/#/R-HSA-8851907	MET activates PI3K/AKT signaling	IEA	Homo sapiens
BIOMD0000000255	R-HSA-5654695	2.656078024187991E-8	https://reactome.org/PathwayBrowser/#/R-HSA-5654695	PI-3K cascade:FGFR2	IEA	Homo sapiens
BIOMD0000000255	R-HSA-9028335	3.8324009299373074E-8	https://reactome.org/PathwayBrowser/#/R-HSA-9028335	Activated NTRK2 signals through PI3K	IEA	Homo sapiens
BIOMD0000000255	R-HSA-179812	1.7029825594150338E-7	https://reactome.org/PathwayBrowser/#/R-HSA-179812	GRB2 events in EGFR signaling	IEA	Homo sapiens
BIOMD0000000255	R-HSA-180336	3.3716519842741377E-7	https://reactome.org/PathwayBrowser/#/R-HSA-180336	SHC1 events in EGFR signaling	IEA	Homo sapiens
BIOMD0000000255	R-HSA-202424	8.625548653107273E-7	https://reactome.org/PathwayBrowser/#/R-HSA-202424	Downstream TCR signaling	IEA	Homo sapiens
BIOMD0000000255	R-HSA-1251932	1.202472173389424E-6	https://reactome.org/PathwayBrowser/#/R-HSA-1251932	PLCG1 events in ERBB2 signaling	IEA	Homo sapiens
BIOMD0000000255	R-HSA-5674499	2.1316620788525142E-6	https://reactome.org/PathwayBrowser/#/R-HSA-5674499	Negative feedback regulation of MAPK pathway	IEA	Homo sapiens
BIOMD0000000255	R-HSA-1253288	5.517920148134792E-6	https://reactome.org/PathwayBrowser/#/R-HSA-1253288	Downregulation of ERBB4 signaling	IEA	Homo sapiens
BIOMD0000000255	R-HSA-9634635	7.153591362274447E-6	https://reactome.org/PathwayBrowser/#/R-HSA-9634635	Estrogen-stimulated signaling through PRKCZ	IEA	Homo sapiens
BIOMD0000000255	R-HSA-1251985	9.089301976739073E-6	https://reactome.org/PathwayBrowser/#/R-HSA-1251985	Nuclear signaling by ERBB4	IEA	Homo sapiens
BIOMD0000000255	R-HSA-202670	1.3912443536878705E-5	https://reactome.org/PathwayBrowser/#/R-HSA-202670	ERKs are inactivated	IEA	Homo sapiens
BIOMD0000000255	R-HSA-198753	4.75525933907317E-5	https://reactome.org/PathwayBrowser/#/R-HSA-198753	ERK/MAPK targets	IEA	Homo sapiens
BIOMD0000000255	R-HSA-392451	6.570500186664496E-5	https://reactome.org/PathwayBrowser/#/R-HSA-392451	G beta:gamma signalling through PI3Kgamma	IEA	Homo sapiens
BIOMD0000000255	R-HSA-8865999	1.0644060601339156E-4	https://reactome.org/PathwayBrowser/#/R-HSA-8865999	MET activates PTPN11	IEA	Homo sapiens
BIOMD0000000255	R-HSA-182971	1.3492054933106346E-4	https://reactome.org/PathwayBrowser/#/R-HSA-182971	EGFR downregulation	IEA	Homo sapiens
BIOMD0000000255	R-HSA-5663213	1.8254054476818382E-4	https://reactome.org/PathwayBrowser/#/R-HSA-5663213	RHO GTPases Activate WASPs and WAVEs	IEA	Homo sapiens
BIOMD0000000255	R-HSA-165158	2.047151960907767E-4	https://reactome.org/PathwayBrowser/#/R-HSA-165158	Activation of AKT2	IEA	Homo sapiens
BIOMD0000000255	R-HSA-5218920	2.047151960907767E-4	https://reactome.org/PathwayBrowser/#/R-HSA-5218920	VEGFR2 mediated vascular permeability	IEA	Homo sapiens
BIOMD0000000255	R-HSA-2871796	2.047151960907767E-4	https://reactome.org/PathwayBrowser/#/R-HSA-2871796	FCERI mediated MAPK activation	IEA	Homo sapiens
BIOMD0000000255	R-HSA-9645135	2.047151960907767E-4	https://reactome.org/PathwayBrowser/#/R-HSA-9645135	STAT5 Activation	IEA	Homo sapiens
BIOMD0000000255	R-HSA-6802948	2.047151960907767E-4	https://reactome.org/PathwayBrowser/#/R-HSA-6802948	Signaling by high-kinase activity BRAF mutants	IEA	Homo sapiens
BIOMD0000000255	R-HSA-9649948	2.047151960907767E-4	https://reactome.org/PathwayBrowser/#/R-HSA-9649948	Signaling downstream of RAS mutants	IEA	Homo sapiens
BIOMD0000000255	R-HSA-6802946	2.047151960907767E-4	https://reactome.org/PathwayBrowser/#/R-HSA-6802946	Signaling by moderate kinase activity BRAF mutants	IEA	Homo sapiens
BIOMD0000000255	R-HSA-112412	2.114924219321912E-4	https://reactome.org/PathwayBrowser/#/R-HSA-112412	SOS-mediated signalling	IEA	Homo sapiens
BIOMD0000000255	R-HSA-6802955	2.159936450105704E-4	https://reactome.org/PathwayBrowser/#/R-HSA-6802955	Paradoxical activation of RAF signaling by kinase inactive BRAF	IEA	Homo sapiens
BIOMD0000000255	R-HSA-212718	2.555711734738564E-4	https://reactome.org/PathwayBrowser/#/R-HSA-212718	EGFR interacts with phospholipase C-gamma	IEA	Homo sapiens
BIOMD0000000255	R-HSA-112411	3.0375311385233417E-4	https://reactome.org/PathwayBrowser/#/R-HSA-112411	MAPK1 (ERK2) activation	IEA	Homo sapiens
BIOMD0000000255	R-HSA-5674135	3.2095806830523266E-4	https://reactome.org/PathwayBrowser/#/R-HSA-5674135	MAP2K and MAPK activation	IEA	Homo sapiens
BIOMD0000000255	R-HSA-110056	3.560219420124522E-4	https://reactome.org/PathwayBrowser/#/R-HSA-110056	MAPK3 (ERK1) activation	IEA	Homo sapiens
BIOMD0000000255	R-HSA-5638303	4.12361403398398E-4	https://reactome.org/PathwayBrowser/#/R-HSA-5638303	Inhibition of Signaling by Overexpressed EGFR	IEA	Homo sapiens
BIOMD0000000255	R-HSA-6802952	4.923112194747947E-4	https://reactome.org/PathwayBrowser/#/R-HSA-6802952	Signaling by BRAF and RAF fusions	IEA	Homo sapiens
BIOMD0000000255	R-HSA-8851805	5.371874394437537E-4	https://reactome.org/PathwayBrowser/#/R-HSA-8851805	MET activates RAS signaling	IEA	Homo sapiens
BIOMD0000000255	R-HSA-389359	6.056417364707078E-4	https://reactome.org/PathwayBrowser/#/R-HSA-389359	CD28 dependent Vav1 pathway	IEA	Homo sapiens
BIOMD0000000255	R-HSA-354194	8.349770447766414E-4	https://reactome.org/PathwayBrowser/#/R-HSA-354194	GRB2:SOS provides linkage to MAPK signaling for Integrins 	IEA	Homo sapiens
BIOMD0000000255	R-HSA-5674400	0.002104295130059053	https://reactome.org/PathwayBrowser/#/R-HSA-5674400	Constitutive Signaling by AKT1 E17K in Cancer	IEA	Homo sapiens
BIOMD0000000255	R-HSA-5673000	0.002794964398979638	https://reactome.org/PathwayBrowser/#/R-HSA-5673000	RAF activation	IEA	Homo sapiens
BIOMD0000000186	R-HSA-141430	1.1102230246251565E-16	https://reactome.org/PathwayBrowser/#/R-HSA-141430	Inactivation of APC/C via direct inhibition of the APC/C complex	IEA	Homo sapiens
BIOMD0000000186	R-HSA-141405	1.1102230246251565E-16	https://reactome.org/PathwayBrowser/#/R-HSA-141405	Inhibition of the proteolytic activity of APC/C required for the onset of anaphase by mitotic spindle checkpoint components	IEA	Homo sapiens
BIOMD0000000186	R-HSA-176412	1.1102230246251565E-16	https://reactome.org/PathwayBrowser/#/R-HSA-176412	Phosphorylation of the APC/C	IEA	Homo sapiens
BIOMD0000000186	R-HSA-179409	1.1102230246251565E-16	https://reactome.org/PathwayBrowser/#/R-HSA-179409	APC-Cdc20 mediated degradation of Nek2A	IEA	Homo sapiens
BIOMD0000000186	R-HSA-174048	1.1102230246251565E-16	https://reactome.org/PathwayBrowser/#/R-HSA-174048	APC/C:Cdc20 mediated degradation of Cyclin B	IEA	Homo sapiens
BIOMD0000000186	R-HSA-174184	1.1102230246251565E-16	https://reactome.org/PathwayBrowser/#/R-HSA-174184	Cdc20:Phospho-APC/C mediated degradation of Cyclin A	IEA	Homo sapiens
BIOMD0000000186	R-HSA-176409	1.1102230246251565E-16	https://reactome.org/PathwayBrowser/#/R-HSA-176409	APC/C:Cdc20 mediated degradation of mitotic proteins	IEA	Homo sapiens
BIOMD0000000186	R-HSA-174154	1.1102230246251565E-16	https://reactome.org/PathwayBrowser/#/R-HSA-174154	APC/C:Cdc20 mediated degradation of Securin	IEA	Homo sapiens
BIOMD0000000186	R-HSA-174084	1.1102230246251565E-16	https://reactome.org/PathwayBrowser/#/R-HSA-174084	Autodegradation of Cdh1 by Cdh1:APC/C	IEA	Homo sapiens
BIOMD0000000186	R-HSA-174178	1.1102230246251565E-16	https://reactome.org/PathwayBrowser/#/R-HSA-174178	APC/C:Cdh1 mediated degradation of Cdc20 and other APC/C:Cdh1 targeted proteins in late mitosis/early G1	IEA	Homo sapiens
BIOMD0000000186	R-HSA-176408	1.1102230246251565E-16	https://reactome.org/PathwayBrowser/#/R-HSA-176408	Regulation of APC/C activators between G1/S and early anaphase	IEA	Homo sapiens
BIOMD0000000186	R-HSA-176407	1.1102230246251565E-16	https://reactome.org/PathwayBrowser/#/R-HSA-176407	Conversion from APC/C:Cdc20 to APC/C:Cdh1 in late anaphase	IEA	Homo sapiens
BIOMD0000000186	R-HSA-2467813	1.1102230246251565E-16	https://reactome.org/PathwayBrowser/#/R-HSA-2467813	Separation of Sister Chromatids	IEA	Homo sapiens
BIOMD0000000186	R-HSA-141444	1.087734015181585E-5	https://reactome.org/PathwayBrowser/#/R-HSA-141444	Amplification  of signal from unattached  kinetochores via a MAD2  inhibitory signal	IEA	Homo sapiens
BIOMD0000000537	R-HSA-1059683	2.4070868742676055E-7	https://reactome.org/PathwayBrowser/#/R-HSA-1059683	Interleukin-6 signaling	IEA	Homo sapiens
BIOMD0000000536	R-HSA-1059683	8.674236828820625E-8	https://reactome.org/PathwayBrowser/#/R-HSA-1059683	Interleukin-6 signaling	IEA	Homo sapiens
BIOMD0000000448	R-HSA-166208	2.837835266777944E-7	https://reactome.org/PathwayBrowser/#/R-HSA-166208	mTORC1-mediated signalling	IEA	Homo sapiens
BIOMD0000000448	R-HSA-74713	9.360891821685868E-7	https://reactome.org/PathwayBrowser/#/R-HSA-74713	IRS activation	IEA	Homo sapiens
BIOMD0000000448	R-HSA-74751	7.812567431875195E-6	https://reactome.org/PathwayBrowser/#/R-HSA-74751	Insulin receptor signalling cascade	IEA	Homo sapiens
BIOMD0000000448	R-HSA-74752	2.239443173213118E-5	https://reactome.org/PathwayBrowser/#/R-HSA-74752	Signaling by Insulin receptor	IEA	Homo sapiens
BIOMD0000000448	R-HSA-77387	0.0017610062592148257	https://reactome.org/PathwayBrowser/#/R-HSA-77387	Insulin receptor recycling	IEA	Homo sapiens
BIOMD0000000165	R-RNO-163615	2.1849571971710446E-6	https://reactome.org/PathwayBrowser/#/R-RNO-163615	PKA activation	IEA	Rattus norvegicus
BIOMD0000000165	R-RNO-381676	1.0691640402016311E-5	https://reactome.org/PathwayBrowser/#/R-RNO-381676	Glucagon-like Peptide-1 (GLP1) regulates insulin secretion	IEA	Rattus norvegicus
BIOMD0000000165	R-RNO-164378	4.821092590134857E-5	https://reactome.org/PathwayBrowser/#/R-RNO-164378	PKA activation in glucagon signalling	IEA	Rattus norvegicus
BIOMD0000000165	R-RNO-442720	4.821092590134857E-5	https://reactome.org/PathwayBrowser/#/R-RNO-442720	CREB1 phosphorylation through the activation of Adenylate Cyclase	IEA	Rattus norvegicus
BIOMD0000000165	R-RNO-111957	7.341748148292915E-5	https://reactome.org/PathwayBrowser/#/R-RNO-111957	Cam-PDE 1 activation	IEA	Rattus norvegicus
BIOMD0000000165	R-RNO-170660	2.2038439700455825E-4	https://reactome.org/PathwayBrowser/#/R-RNO-170660	Adenylate cyclase activating pathway	IEA	Rattus norvegicus
BIOMD0000000165	R-RNO-180024	3.992871459501668E-4	https://reactome.org/PathwayBrowser/#/R-RNO-180024	DARPP-32 events	IEA	Rattus norvegicus
BIOMD0000000579	R-HSA-70171	1.84297022087776E-14	https://reactome.org/PathwayBrowser/#/R-HSA-70171	Glycolysis	IEA	Homo sapiens
BIOMD0000000579	R-HSA-70263	1.84297022087776E-14	https://reactome.org/PathwayBrowser/#/R-HSA-70263	Gluconeogenesis	IEA	Homo sapiens
BIOMD0000000579	R-HSA-71403	8.607115020708989E-12	https://reactome.org/PathwayBrowser/#/R-HSA-71403	Citric acid cycle (TCA cycle)	IEA	Homo sapiens
BIOMD0000000579	R-HSA-70635	8.294195330549314E-10	https://reactome.org/PathwayBrowser/#/R-HSA-70635	Urea cycle	IEA	Homo sapiens
BIOMD0000000579	R-HSA-71336	1.1483480832907844E-9	https://reactome.org/PathwayBrowser/#/R-HSA-71336	Pentose phosphate pathway	IEA	Homo sapiens
BIOMD0000000579	R-HSA-77111	1.5550817300535869E-9	https://reactome.org/PathwayBrowser/#/R-HSA-77111	Synthesis of Ketone Bodies	IEA	Homo sapiens
BIOMD0000000579	R-HSA-163754	1.6937571811759256E-7	https://reactome.org/PathwayBrowser/#/R-HSA-163754	Insulin effects increased synthesis of Xylulose-5-Phosphate	IEA	Homo sapiens
BIOMD0000000579	R-HSA-70370	1.5485045159469024E-6	https://reactome.org/PathwayBrowser/#/R-HSA-70370	Galactose catabolism	IEA	Homo sapiens
BIOMD0000000579	R-HSA-70268	2.1076162319055847E-5	https://reactome.org/PathwayBrowser/#/R-HSA-70268	Pyruvate metabolism	IEA	Homo sapiens
BIOMD0000000579	R-HSA-77108	3.301978391068161E-5	https://reactome.org/PathwayBrowser/#/R-HSA-77108	Utilization of Ketone Bodies	IEA	Homo sapiens
BIOMD0000000579	R-HSA-191273	9.9395216717868E-5	https://reactome.org/PathwayBrowser/#/R-HSA-191273	Cholesterol biosynthesis	IEA	Homo sapiens
BIOMD0000000579	R-HSA-70350	1.5537871642024026E-4	https://reactome.org/PathwayBrowser/#/R-HSA-70350	Fructose catabolism	IEA	Homo sapiens
BIOMD0000000579	R-HSA-5609978	2.1210434186202942E-4	https://reactome.org/PathwayBrowser/#/R-HSA-5609978	Defective GALT can cause Galactosemia	IEA	Homo sapiens
BIOMD0000000579	R-HSA-6791055	2.1210434186202942E-4	https://reactome.org/PathwayBrowser/#/R-HSA-6791055	TALDO1 deficiency: failed conversion of SH7P, GA3P to Fru(6)P, E4P	IEA	Homo sapiens
BIOMD0000000579	R-HSA-8964539	2.83621428012637E-4	https://reactome.org/PathwayBrowser/#/R-HSA-8964539	Glutamate and glutamine metabolism	IEA	Homo sapiens
BIOMD0000000579	R-HSA-3814836	4.0406978302431895E-4	https://reactome.org/PathwayBrowser/#/R-HSA-3814836	Glycogen storage disease type XV (GYG1)	IEA	Homo sapiens
BIOMD0000000579	R-HSA-3828062	4.0406978302431895E-4	https://reactome.org/PathwayBrowser/#/R-HSA-3828062	Glycogen storage disease type 0 (muscle GYS1)	IEA	Homo sapiens
BIOMD0000000579	R-HSA-3322077	4.0406978302431895E-4	https://reactome.org/PathwayBrowser/#/R-HSA-3322077	Glycogen synthesis	IEA	Homo sapiens
BIOMD0000000579	R-HSA-70221	4.0406978302431895E-4	https://reactome.org/PathwayBrowser/#/R-HSA-70221	Glycogen breakdown (glycogenolysis)	IEA	Homo sapiens
BIOMD0000000579	R-HSA-77310	0.0014474793223673288	https://reactome.org/PathwayBrowser/#/R-HSA-77310	Beta oxidation of lauroyl-CoA to decanoyl-CoA-CoA	IEA	Homo sapiens
BIOMD0000000579	R-HSA-5619070	0.0017045322301237897	https://reactome.org/PathwayBrowser/#/R-HSA-5619070	Defective SLC16A1 causes symptomatic deficiency in lactate transport (SDLT)	IEA	Homo sapiens
BIOMD0000000579	R-HSA-77346	0.0023473538162712693	https://reactome.org/PathwayBrowser/#/R-HSA-77346	Beta oxidation of decanoyl-CoA to octanoyl-CoA-CoA	IEA	Homo sapiens
BIOMD0000000579	R-HSA-6791461	0.00473680302031998	https://reactome.org/PathwayBrowser/#/R-HSA-6791461	RPIA deficiency: failed conversion of RU5P to R5P	IEA	Homo sapiens
BIOMD0000000534	R-HSA-1059683	8.674236828820625E-8	https://reactome.org/PathwayBrowser/#/R-HSA-1059683	Interleukin-6 signaling	IEA	Homo sapiens
BIOMD0000000176	R-SCE-70171	1.9014664509597878E-7	https://reactome.org/PathwayBrowser/#/R-SCE-70171	Glycolysis	IEA	Saccharomyces cerevisiae
BIOMD0000000154	R-HSA-6804760	1.5027470095363427E-4	https://reactome.org/PathwayBrowser/#/R-HSA-6804760	Regulation of TP53 Activity through Methylation	IEA	Homo sapiens
BIOMD0000000154	R-HSA-6804757	2.079146407727439E-4	https://reactome.org/PathwayBrowser/#/R-HSA-6804757	Regulation of TP53 Degradation	IEA	Homo sapiens
BIOMD0000000154	R-HSA-69541	3.69611817666593E-4	https://reactome.org/PathwayBrowser/#/R-HSA-69541	Stabilization of p53	IEA	Homo sapiens
BIOMD0000000154	R-HSA-69563	3.69611817666593E-4	https://reactome.org/PathwayBrowser/#/R-HSA-69563	p53-Dependent G1 DNA Damage Response	IEA	Homo sapiens
BIOMD0000000154	R-HSA-6804756	5.156660376580691E-4	https://reactome.org/PathwayBrowser/#/R-HSA-6804756	Regulation of TP53 Activity through Phosphorylation	IEA	Homo sapiens
BIOMD0000000154	R-HSA-6804754	0.0017879492079508896	https://reactome.org/PathwayBrowser/#/R-HSA-6804754	Regulation of TP53 Expression	IEA	Homo sapiens
BIOMD0000000154	R-HSA-69895	0.0023794160429035927	https://reactome.org/PathwayBrowser/#/R-HSA-69895	Transcriptional  activation of  cell cycle inhibitor p21 	IEA	Homo sapiens
BIOMD0000000154	R-HSA-6803211	0.004289159698643186	https://reactome.org/PathwayBrowser/#/R-HSA-6803211	TP53 Regulates Transcription of Death Receptors and Ligands	IEA	Homo sapiens
BIOMD0000000154	R-HSA-6803207	0.004289159698643186	https://reactome.org/PathwayBrowser/#/R-HSA-6803207	TP53 Regulates Transcription of Caspase Activators and Caspases	IEA	Homo sapiens
BIOMD0000000025	R-DME-432501	2.13736005633125E-5	https://reactome.org/PathwayBrowser/#/R-DME-432501	Transcription repression by PER and activation by PDP1	IEA	Drosophila melanogaste
BIOMD0000000025	R-DME-432620	2.13736005633125E-5	https://reactome.org/PathwayBrowser/#/R-DME-432620	Dephosphorylation of PER	IEA	Drosophila melanogaste
BIOMD0000000025	R-DME-432524	2.043421762516484E-4	https://reactome.org/PathwayBrowser/#/R-DME-432524	Degradation of PER	IEA	Drosophila melanogaste
BIOMD0000000025	R-DME-432626	5.47164174425685E-4	https://reactome.org/PathwayBrowser/#/R-DME-432626	Circadian Clock pathway	IEA	Drosophila melanogaste
BIOMD0000000025	R-DME-432560	0.0018369686133689056	https://reactome.org/PathwayBrowser/#/R-DME-432560	Transcription activation by CLK:CYC and repression by VRI	IEA	Drosophila melanogaste
BIOMD0000000172	R-SCE-70171	1.9014664509597878E-7	https://reactome.org/PathwayBrowser/#/R-SCE-70171	Glycolysis	IEA	Saccharomyces cerevisiae
BIOMD0000000345	R-HSA-74713	7.194001642396586E-6	https://reactome.org/PathwayBrowser/#/R-HSA-74713	IRS activation	IEA	Homo sapiens
BIOMD0000000345	R-HSA-77387	6.48419347948348E-5	https://reactome.org/PathwayBrowser/#/R-HSA-77387	Insulin receptor recycling	IEA	Homo sapiens
BIOMD0000000342	R-HSA-2173789	4.4073633631569464E-12	https://reactome.org/PathwayBrowser/#/R-HSA-2173789	TGF-beta receptor signaling activates SMADs	IEA	Homo sapiens
BIOMD0000000342	R-HSA-3656532	5.380584866543359E-12	https://reactome.org/PathwayBrowser/#/R-HSA-3656532	TGFBR1 KD Mutants in Cancer	IEA	Homo sapiens
BIOMD0000000342	R-HSA-3304356	5.380584866543359E-12	https://reactome.org/PathwayBrowser/#/R-HSA-3304356	SMAD2/3 Phosphorylation Motif Mutants in Cancer	IEA	Homo sapiens
BIOMD0000000342	R-HSA-2173788	1.0200212896549488E-9	https://reactome.org/PathwayBrowser/#/R-HSA-2173788	Downregulation of TGF-beta receptor signaling	IEA	Homo sapiens
BIOMD0000000342	R-HSA-3656535	2.2856461168174746E-9	https://reactome.org/PathwayBrowser/#/R-HSA-3656535	TGFBR1 LBD Mutants in Cancer	IEA	Homo sapiens
BIOMD0000000342	R-HSA-3645790	1.1572636182677343E-9	https://reactome.org/PathwayBrowser/#/R-HSA-3645790	TGFBR2 Kinase Domain Mutants in Cancer	IEA	Homo sapiens
BIOMD0000000342	R-HSA-2173791	1.16836793129238E-7	https://reactome.org/PathwayBrowser/#/R-HSA-2173791	TGF-beta receptor signaling in EMT (epithelial to mesenchymal transition)	IEA	Homo sapiens
BIOMD0000000342	R-HSA-3642279	1.2784763119277898E-6	https://reactome.org/PathwayBrowser/#/R-HSA-3642279	TGFBR2 MSI Frameshift Mutants in Cancer	IEA	Homo sapiens
BIOMD0000000342	R-HSA-3315487	2.1570429958872595E-6	https://reactome.org/PathwayBrowser/#/R-HSA-3315487	SMAD2/3 MH2 Domain Mutants in Cancer	IEA	Homo sapiens
BIOMD0000000342	R-HSA-3311021	2.1570429958872595E-6	https://reactome.org/PathwayBrowser/#/R-HSA-3311021	SMAD4 MH2 Domain Mutants in Cancer	IEA	Homo sapiens
BIOMD0000000342	R-HSA-8941855	1.173550213240393E-5	https://reactome.org/PathwayBrowser/#/R-HSA-8941855	RUNX3 regulates CDKN1A transcription	IEA	Homo sapiens
BIOMD0000000342	R-HSA-2173795	8.42222172980911E-5	https://reactome.org/PathwayBrowser/#/R-HSA-2173795	Downregulation of SMAD2/3:SMAD4 transcriptional activity	IEA	Homo sapiens
BIOMD0000000342	R-HSA-2173796	1.5353702596354601E-4	https://reactome.org/PathwayBrowser/#/R-HSA-2173796	SMAD2/SMAD3:SMAD4 heterotrimer regulates transcription	IEA	Homo sapiens
BIOMD0000000342	R-HSA-8952158	0.0022331389026378767	https://reactome.org/PathwayBrowser/#/R-HSA-8952158	RUNX3 regulates BCL2L11 (BIM) transcription	IEA	Homo sapiens
BIOMD0000000137	R-HSA-199418	9.548559154470837E-8	https://reactome.org/PathwayBrowser/#/R-HSA-199418	Negative regulation of the PI3K/AKT network	IEA	Homo sapiens
BIOMD0000000137	R-HSA-74751	2.3007720617584937E-7	https://reactome.org/PathwayBrowser/#/R-HSA-74751	Insulin receptor signalling cascade	IEA	Homo sapiens
BIOMD0000000137	R-HSA-392451	5.028083575053799E-7	https://reactome.org/PathwayBrowser/#/R-HSA-392451	G beta:gamma signalling through PI3Kgamma	IEA	Homo sapiens
BIOMD0000000137	R-HSA-74752	5.028083575053799E-7	https://reactome.org/PathwayBrowser/#/R-HSA-74752	Signaling by Insulin receptor	IEA	Homo sapiens
BIOMD0000000137	R-HSA-74713	9.94961303013575E-7	https://reactome.org/PathwayBrowser/#/R-HSA-74713	IRS activation	IEA	Homo sapiens
BIOMD0000000137	R-HSA-198203	3.1161211389019172E-6	https://reactome.org/PathwayBrowser/#/R-HSA-198203	PI3K/AKT activation	IEA	Homo sapiens
BIOMD0000000137	R-HSA-389357	1.9834236255622528E-5	https://reactome.org/PathwayBrowser/#/R-HSA-389357	CD28 dependent PI3K/Akt signaling	IEA	Homo sapiens
BIOMD0000000137	R-HSA-109704	1.194766016389126E-4	https://reactome.org/PathwayBrowser/#/R-HSA-109704	PI3K Cascade	IEA	Homo sapiens
BIOMD0000000137	R-HSA-112399	1.5242768682921515E-4	https://reactome.org/PathwayBrowser/#/R-HSA-112399	IRS-mediated signalling	IEA	Homo sapiens
BIOMD0000000137	R-HSA-2428928	1.8202797840038976E-4	https://reactome.org/PathwayBrowser/#/R-HSA-2428928	IRS-related events triggered by IGF1R	IEA	Homo sapiens
BIOMD0000000137	R-HSA-2219530	4.1779912601569436E-4	https://reactome.org/PathwayBrowser/#/R-HSA-2219530	Constitutive Signaling by Aberrant PI3K in Cancer	IEA	Homo sapiens
BIOMD0000000137	R-HSA-2730905	4.6759892049152985E-4	https://reactome.org/PathwayBrowser/#/R-HSA-2730905	Role of LAT2/NTAL/LAB on calcium mobilization	IEA	Homo sapiens
BIOMD0000000137	R-HSA-202424	6.193289262155233E-4	https://reactome.org/PathwayBrowser/#/R-HSA-202424	Downstream TCR signaling	IEA	Homo sapiens
BIOMD0000000137	R-HSA-180292	7.096989583221802E-4	https://reactome.org/PathwayBrowser/#/R-HSA-180292	GAB1 signalosome	IEA	Homo sapiens
BIOMD0000000137	R-HSA-77387	8.419645516619667E-4	https://reactome.org/PathwayBrowser/#/R-HSA-77387	Insulin receptor recycling	IEA	Homo sapiens
BIOMD0000000137	R-HSA-5663213	0.001342905718033638	https://reactome.org/PathwayBrowser/#/R-HSA-5663213	RHO GTPases Activate WASPs and WAVEs	IEA	Homo sapiens
BIOMD0000000137	R-HSA-1660524	0.0023153019276593856	https://reactome.org/PathwayBrowser/#/R-HSA-1660524	PIPs transport between plasma and early endosome membranes	IEA	Homo sapiens
BIOMD0000000137	R-HSA-5674404	0.004627355448883597	https://reactome.org/PathwayBrowser/#/R-HSA-5674404	PTEN Loss of Function in Cancer	IEA	Homo sapiens
BIOMD0000000158	R-HSA-6804760	1.5027470095363427E-4	https://reactome.org/PathwayBrowser/#/R-HSA-6804760	Regulation of TP53 Activity through Methylation	IEA	Homo sapiens
BIOMD0000000158	R-HSA-6804757	2.079146407727439E-4	https://reactome.org/PathwayBrowser/#/R-HSA-6804757	Regulation of TP53 Degradation	IEA	Homo sapiens
BIOMD0000000158	R-HSA-69541	3.69611817666593E-4	https://reactome.org/PathwayBrowser/#/R-HSA-69541	Stabilization of p53	IEA	Homo sapiens
BIOMD0000000158	R-HSA-69563	3.69611817666593E-4	https://reactome.org/PathwayBrowser/#/R-HSA-69563	p53-Dependent G1 DNA Damage Response	IEA	Homo sapiens
BIOMD0000000158	R-HSA-6804756	5.156660376580691E-4	https://reactome.org/PathwayBrowser/#/R-HSA-6804756	Regulation of TP53 Activity through Phosphorylation	IEA	Homo sapiens
BIOMD0000000158	R-HSA-6804754	0.0017879492079508896	https://reactome.org/PathwayBrowser/#/R-HSA-6804754	Regulation of TP53 Expression	IEA	Homo sapiens
BIOMD0000000158	R-HSA-69895	0.0023794160429035927	https://reactome.org/PathwayBrowser/#/R-HSA-69895	Transcriptional  activation of  cell cycle inhibitor p21 	IEA	Homo sapiens
BIOMD0000000158	R-HSA-6803211	0.004289159698643186	https://reactome.org/PathwayBrowser/#/R-HSA-6803211	TP53 Regulates Transcription of Death Receptors and Ligands	IEA	Homo sapiens
BIOMD0000000158	R-HSA-6803207	0.004289159698643186	https://reactome.org/PathwayBrowser/#/R-HSA-6803207	TP53 Regulates Transcription of Caspase Activators and Caspases	IEA	Homo sapiens
BIOMD0000000293	R-HSA-5689877	1.3840528723108037E-10	https://reactome.org/PathwayBrowser/#/R-HSA-5689877	Josephin domain DUBs	IEA	Homo sapiens
BIOMD0000000293	R-HSA-9613829	7.937013268843884E-10	https://reactome.org/PathwayBrowser/#/R-HSA-9613829	Chaperone Mediated Autophagy	IEA	Homo sapiens
BIOMD0000000293	R-HSA-937042	4.792614860527067E-9	https://reactome.org/PathwayBrowser/#/R-HSA-937042	IRAK2 mediated activation of TAK1 complex	IEA	Homo sapiens
BIOMD0000000293	R-HSA-9014325	6.371035699004324E-9	https://reactome.org/PathwayBrowser/#/R-HSA-9014325	TICAM1,TRAF6-dependent induction of TAK1 complex	IEA	Homo sapiens
BIOMD0000000293	R-HSA-1358803	7.250471778519341E-9	https://reactome.org/PathwayBrowser/#/R-HSA-1358803	Downregulation of ERBB2:ERBB3 signaling	IEA	Homo sapiens
BIOMD0000000293	R-HSA-174490	7.250471778519341E-9	https://reactome.org/PathwayBrowser/#/R-HSA-174490	Membrane binding and targetting of GAG proteins	IEA	Homo sapiens
BIOMD0000000293	R-HSA-975163	7.250471778519341E-9	https://reactome.org/PathwayBrowser/#/R-HSA-975163	IRAK2 mediated activation of TAK1 complex upon TLR7/8 or 9 stimulation	IEA	Homo sapiens
BIOMD0000000293	R-HSA-174495	7.250471778519341E-9	https://reactome.org/PathwayBrowser/#/R-HSA-174495	Synthesis And Processing Of GAG, GAGPOL Polyproteins	IEA	Homo sapiens
BIOMD0000000293	R-HSA-937072	7.250471778519341E-9	https://reactome.org/PathwayBrowser/#/R-HSA-937072	TRAF6-mediated induction of TAK1 complex within TLR4 complex	IEA	Homo sapiens
BIOMD0000000293	R-HSA-110312	7.250471778519341E-9	https://reactome.org/PathwayBrowser/#/R-HSA-110312	Translesion synthesis by REV1	IEA	Homo sapiens
BIOMD0000000293	R-HSA-5656121	8.898176417915238E-9	https://reactome.org/PathwayBrowser/#/R-HSA-5656121	Translesion synthesis by POLI	IEA	Homo sapiens
BIOMD0000000293	R-HSA-5655862	1.081153555571035E-8	https://reactome.org/PathwayBrowser/#/R-HSA-5655862	Translesion synthesis by POLK	IEA	Homo sapiens
BIOMD0000000293	R-HSA-174048	1.3323951275623358E-8	https://reactome.org/PathwayBrowser/#/R-HSA-174048	APC/C:Cdc20 mediated degradation of Cyclin B	IEA	Homo sapiens
BIOMD0000000293	R-HSA-110320	1.579049691002865E-8	https://reactome.org/PathwayBrowser/#/R-HSA-110320	Translesion Synthesis by POLH	IEA	Homo sapiens
BIOMD0000000293	R-HSA-179409	1.6842323535826154E-8	https://reactome.org/PathwayBrowser/#/R-HSA-179409	APC-Cdc20 mediated degradation of Nek2A	IEA	Homo sapiens
BIOMD0000000293	R-HSA-5696397	1.6842323535826154E-8	https://reactome.org/PathwayBrowser/#/R-HSA-5696397	Gap-filling DNA repair synthesis and ligation in GG-NER	IEA	Homo sapiens
BIOMD0000000293	R-HSA-5689901	3.316594110458482E-8	https://reactome.org/PathwayBrowser/#/R-HSA-5689901	Metalloprotease DUBs	IEA	Homo sapiens
BIOMD0000000293	R-HSA-8866652	3.555601246763018E-8	https://reactome.org/PathwayBrowser/#/R-HSA-8866652	Synthesis of active ubiquitin: roles of E1 and E2 enzymes	IEA	Homo sapiens
BIOMD0000000293	R-HSA-917729	3.555601246763018E-8	https://reactome.org/PathwayBrowser/#/R-HSA-917729	Endosomal Sorting Complex Required For Transport (ESCRT)	IEA	Homo sapiens
BIOMD0000000293	R-HSA-9615710	3.555601246763018E-8	https://reactome.org/PathwayBrowser/#/R-HSA-9615710	Microautophagy	IEA	Homo sapiens
BIOMD0000000293	R-HSA-5656169	3.555601246763018E-8	https://reactome.org/PathwayBrowser/#/R-HSA-5656169	Termination of translesion DNA synthesis	IEA	Homo sapiens
BIOMD0000000293	R-HSA-162588	4.437167899773442E-8	https://reactome.org/PathwayBrowser/#/R-HSA-162588	Budding and maturation of HIV virion	IEA	Homo sapiens
BIOMD0000000293	R-HSA-5696394	6.053771417491305E-8	https://reactome.org/PathwayBrowser/#/R-HSA-5696394	DNA Damage Recognition in GG-NER	IEA	Homo sapiens
BIOMD0000000293	R-HSA-5696400	6.679600605963287E-8	https://reactome.org/PathwayBrowser/#/R-HSA-5696400	Dual Incision in GG-NER	IEA	Homo sapiens
BIOMD0000000293	R-HSA-5696395	7.671657020758005E-8	https://reactome.org/PathwayBrowser/#/R-HSA-5696395	Formation of Incision Complex in GG-NER	IEA	Homo sapiens
BIOMD0000000293	R-HSA-211733	9.814419921205797E-8	https://reactome.org/PathwayBrowser/#/R-HSA-211733	Regulation of activated PAK-2p34 by proteasome mediated degradation	IEA	Homo sapiens
BIOMD0000000293	R-HSA-8854050	1.434101923880604E-7	https://reactome.org/PathwayBrowser/#/R-HSA-8854050	FBXL7 down-regulates AURKA during mitotic entry and in early mitosis	IEA	Homo sapiens
BIOMD0000000293	R-HSA-174113	1.434101923880604E-7	https://reactome.org/PathwayBrowser/#/R-HSA-174113	SCF-beta-TrCP mediated degradation of Emi1	IEA	Homo sapiens
BIOMD0000000293	R-HSA-68827	1.8960635572717877E-7	https://reactome.org/PathwayBrowser/#/R-HSA-68827	CDT1 association with the CDC6:ORC:origin complex	IEA	Homo sapiens
BIOMD0000000293	R-HSA-8866654	2.091797730585654E-7	https://reactome.org/PathwayBrowser/#/R-HSA-8866654	E3 ubiquitin ligases ubiquitinate target proteins	IEA	Homo sapiens
BIOMD0000000293	R-HSA-174084	2.091797730585654E-7	https://reactome.org/PathwayBrowser/#/R-HSA-174084	Autodegradation of Cdh1 by Cdh1:APC/C	IEA	Homo sapiens
BIOMD0000000293	R-HSA-6782210	2.091797730585654E-7	https://reactome.org/PathwayBrowser/#/R-HSA-6782210	Gap-filling DNA repair synthesis and ligation in TC-NER	IEA	Homo sapiens
BIOMD0000000293	R-HSA-174154	2.091797730585654E-7	https://reactome.org/PathwayBrowser/#/R-HSA-174154	APC/C:Cdc20 mediated degradation of Securin	IEA	Homo sapiens
BIOMD0000000293	R-HSA-6782135	2.091797730585654E-7	https://reactome.org/PathwayBrowser/#/R-HSA-6782135	Dual incision in TC-NER	IEA	Homo sapiens
BIOMD0000000293	R-HSA-174178	2.091797730585654E-7	https://reactome.org/PathwayBrowser/#/R-HSA-174178	APC/C:Cdh1 mediated degradation of Cdc20 and other APC/C:Cdh1 targeted proteins in late mitosis/early G1	IEA	Homo sapiens
BIOMD0000000293	R-HSA-174184	2.091797730585654E-7	https://reactome.org/PathwayBrowser/#/R-HSA-174184	Cdc20:Phospho-APC/C mediated degradation of Cyclin A	IEA	Homo sapiens
BIOMD0000000293	R-HSA-176409	2.459920588337994E-7	https://reactome.org/PathwayBrowser/#/R-HSA-176409	APC/C:Cdc20 mediated degradation of mitotic proteins	IEA	Homo sapiens
BIOMD0000000293	R-HSA-6781827	4.042397730996683E-7	https://reactome.org/PathwayBrowser/#/R-HSA-6781827	Transcription-Coupled Nucleotide Excision Repair (TC-NER)	IEA	Homo sapiens
BIOMD0000000293	R-HSA-983168	2.1829091220171293E-6	https://reactome.org/PathwayBrowser/#/R-HSA-983168	Antigen processing: Ubiquitination & Proteasome degradation	IEA	Homo sapiens
BIOMD0000000293	R-HSA-5689880	1.3293873158848335E-5	https://reactome.org/PathwayBrowser/#/R-HSA-5689880	Ub-specific processing proteases	IEA	Homo sapiens
BIOMD0000000293	R-HSA-72764	6.497183784459626E-5	https://reactome.org/PathwayBrowser/#/R-HSA-72764	Eukaryotic Translation Termination	IEA	Homo sapiens
BIOMD0000000293	R-HSA-156902	0.002447139265126963	https://reactome.org/PathwayBrowser/#/R-HSA-156902	Peptide chain elongation	IEA	Homo sapiens
BIOMD0000000293	R-HSA-975956	0.002648661514901618	https://reactome.org/PathwayBrowser/#/R-HSA-975956	Nonsense Mediated Decay (NMD) independent of the Exon Junction Complex (EJC)	IEA	Homo sapiens
BIOMD0000000293	R-HSA-72689	0.002911260515389147	https://reactome.org/PathwayBrowser/#/R-HSA-72689	Formation of a pool of free 40S subunits	IEA	Homo sapiens
BIOMD0000000293	R-HSA-192823	0.0033559544386639883	https://reactome.org/PathwayBrowser/#/R-HSA-192823	Viral mRNA Translation	IEA	Homo sapiens
BIOMD0000000293	R-HSA-1799339	0.0036491012849722004	https://reactome.org/PathwayBrowser/#/R-HSA-1799339	SRP-dependent cotranslational protein targeting to membrane	IEA	Homo sapiens
BIOMD0000000293	R-HSA-72706	0.003709126252891548	https://reactome.org/PathwayBrowser/#/R-HSA-72706	GTP hydrolysis and joining of the 60S ribosomal subunit	IEA	Homo sapiens
BIOMD0000000293	R-HSA-156827	0.003709126252891548	https://reactome.org/PathwayBrowser/#/R-HSA-156827	L13a-mediated translational silencing of Ceruloplasmin expression	IEA	Homo sapiens
BIOMD0000000293	R-HSA-975957	0.003953857505927583	https://reactome.org/PathwayBrowser/#/R-HSA-975957	Nonsense Mediated Decay (NMD) enhanced by the Exon Junction Complex (EJC)	IEA	Homo sapiens
BIOMD0000000188	R-HSA-6804757	1.7583565692369518E-7	https://reactome.org/PathwayBrowser/#/R-HSA-6804757	Regulation of TP53 Degradation	IEA	Homo sapiens
BIOMD0000000188	R-HSA-6804760	4.395485725394721E-6	https://reactome.org/PathwayBrowser/#/R-HSA-6804760	Regulation of TP53 Activity through Methylation	IEA	Homo sapiens
BIOMD0000000188	R-HSA-6804754	3.307158630283524E-5	https://reactome.org/PathwayBrowser/#/R-HSA-6804754	Regulation of TP53 Expression	IEA	Homo sapiens
BIOMD0000000188	R-HSA-69541	4.172625626808202E-5	https://reactome.org/PathwayBrowser/#/R-HSA-69541	Stabilization of p53	IEA	Homo sapiens
BIOMD0000000188	R-HSA-69563	5.316591897086553E-5	https://reactome.org/PathwayBrowser/#/R-HSA-69563	p53-Dependent G1 DNA Damage Response	IEA	Homo sapiens
BIOMD0000000188	R-HSA-6804756	1.118575530923982E-4	https://reactome.org/PathwayBrowser/#/R-HSA-6804756	Regulation of TP53 Activity through Phosphorylation	IEA	Homo sapiens
BIOMD0000000188	R-HSA-6803207	3.7066487672210435E-4	https://reactome.org/PathwayBrowser/#/R-HSA-6803207	TP53 Regulates Transcription of Caspase Activators and Caspases	IEA	Homo sapiens
BIOMD0000000188	R-HSA-6803204	8.942833330767286E-4	https://reactome.org/PathwayBrowser/#/R-HSA-6803204	TP53 Regulates Transcription of Genes Involved in Cytochrome C Release	IEA	Homo sapiens
BIOMD0000000188	R-HSA-5693565	0.002218494496105672	https://reactome.org/PathwayBrowser/#/R-HSA-5693565	Recruitment and ATM-mediated phosphorylation of repair and signaling proteins at DNA double strand breaks	IEA	Homo sapiens
BIOMD0000000188	R-HSA-2559586	0.0025643562165644784	https://reactome.org/PathwayBrowser/#/R-HSA-2559586	DNA Damage/Telomere Stress Induced Senescence	IEA	Homo sapiens
BIOMD0000000188	R-HSA-6796648	0.0032099582588256403	https://reactome.org/PathwayBrowser/#/R-HSA-6796648	TP53 Regulates Transcription of DNA Repair Genes	IEA	Homo sapiens
BIOMD0000000263	R-RNO-187042	1.578753359710028E-5	https://reactome.org/PathwayBrowser/#/R-RNO-187042	TRKA activation by NGF	IEA	Rattus norvegicus
BIOMD0000000263	R-RNO-170984	6.509369245455421E-5	https://reactome.org/PathwayBrowser/#/R-RNO-170984	ARMS-mediated activation	IEA	Rattus norvegicus
BIOMD0000000263	R-RNO-177504	1.815942814431537E-4	https://reactome.org/PathwayBrowser/#/R-RNO-177504	Retrograde neurotrophin signalling	IEA	Rattus norvegicus
BIOMD0000000581	R-HSA-165159	2.700499379670873E-9	https://reactome.org/PathwayBrowser/#/R-HSA-165159	mTOR signalling	IEA	Homo sapiens
BIOMD0000000581	R-HSA-389357	6.023932153098599E-7	https://reactome.org/PathwayBrowser/#/R-HSA-389357	CD28 dependent PI3K/Akt signaling	IEA	Homo sapiens
BIOMD0000000581	R-HSA-5674400	1.0525420157669885E-6	https://reactome.org/PathwayBrowser/#/R-HSA-5674400	Constitutive Signaling by AKT1 E17K in Cancer	IEA	Homo sapiens
BIOMD0000000581	R-HSA-74752	1.5715370489388647E-6	https://reactome.org/PathwayBrowser/#/R-HSA-74752	Signaling by Insulin receptor	IEA	Homo sapiens
BIOMD0000000581	R-HSA-74713	1.0525420157669885E-6	https://reactome.org/PathwayBrowser/#/R-HSA-74713	IRS activation	IEA	Homo sapiens
BIOMD0000000581	R-HSA-9603381	1.5715370489388647E-6	https://reactome.org/PathwayBrowser/#/R-HSA-9603381	Activated NTRK3 signals through PI3K	IEA	Homo sapiens
BIOMD0000000581	R-HSA-198203	4.706690175382278E-6	https://reactome.org/PathwayBrowser/#/R-HSA-198203	PI3K/AKT activation	IEA	Homo sapiens
BIOMD0000000581	R-HSA-198323	1.499835003770933E-5	https://reactome.org/PathwayBrowser/#/R-HSA-198323	AKT phosphorylates targets in the cytosol	IEA	Homo sapiens
BIOMD0000000581	R-HSA-166208	5.437207134617594E-5	https://reactome.org/PathwayBrowser/#/R-HSA-166208	mTORC1-mediated signalling	IEA	Homo sapiens
BIOMD0000000581	R-HSA-5218920	8.141427196772799E-5	https://reactome.org/PathwayBrowser/#/R-HSA-5218920	VEGFR2 mediated vascular permeability	IEA	Homo sapiens
BIOMD0000000581	R-HSA-165181	9.043396805541448E-5	https://reactome.org/PathwayBrowser/#/R-HSA-165181	Inhibition of TSC complex formation by PKB	IEA	Homo sapiens
BIOMD0000000581	R-HSA-9028335	3.6812946090181153E-4	https://reactome.org/PathwayBrowser/#/R-HSA-9028335	Activated NTRK2 signals through PI3K	IEA	Homo sapiens
BIOMD0000000581	R-HSA-1250342	7.048548804954313E-4	https://reactome.org/PathwayBrowser/#/R-HSA-1250342	PI3K events in ERBB4 signaling	IEA	Homo sapiens
BIOMD0000000581	R-HSA-2219530	0.0012732850493635262	https://reactome.org/PathwayBrowser/#/R-HSA-2219530	Constitutive Signaling by Aberrant PI3K in Cancer	IEA	Homo sapiens
BIOMD0000000581	R-HSA-1963642	0.0014928034385724986	https://reactome.org/PathwayBrowser/#/R-HSA-1963642	PI3K events in ERBB2 signaling	IEA	Homo sapiens
BIOMD0000000581	R-HSA-5654710	0.0014928034385724986	https://reactome.org/PathwayBrowser/#/R-HSA-5654710	PI-3K cascade:FGFR3	IEA	Homo sapiens
BIOMD0000000581	R-HSA-5654720	0.001652795425660103	https://reactome.org/PathwayBrowser/#/R-HSA-5654720	PI-3K cascade:FGFR4	IEA	Homo sapiens
BIOMD0000000581	R-HSA-5654689	0.0020580110376315908	https://reactome.org/PathwayBrowser/#/R-HSA-5654689	PI-3K cascade:FGFR1	IEA	Homo sapiens
BIOMD0000000581	R-HSA-77387	0.002224221969422846	https://reactome.org/PathwayBrowser/#/R-HSA-77387	Insulin receptor recycling	IEA	Homo sapiens
BIOMD0000000581	R-HSA-5654695	0.002224221969422846	https://reactome.org/PathwayBrowser/#/R-HSA-5654695	PI-3K cascade:FGFR2	IEA	Homo sapiens
BIOMD0000000525	R-HSA-5218900	2.8421709430404007E-13	https://reactome.org/PathwayBrowser/#/R-HSA-5218900	CASP8 activity is inhibited	IEA	Homo sapiens
BIOMD0000000525	R-HSA-140534	8.79296635503124E-13	https://reactome.org/PathwayBrowser/#/R-HSA-140534	Caspase activation via Death Receptors in the presence of ligand	IEA	Homo sapiens
BIOMD0000000525	R-HSA-5675482	1.042055330913172E-12	https://reactome.org/PathwayBrowser/#/R-HSA-5675482	Regulation of necroptotic cell death	IEA	Homo sapiens
BIOMD0000000525	R-HSA-3371378	7.2442052356791464E-12	https://reactome.org/PathwayBrowser/#/R-HSA-3371378	Regulation by c-FLIP	IEA	Homo sapiens
BIOMD0000000525	R-HSA-69416	7.2442052356791464E-12	https://reactome.org/PathwayBrowser/#/R-HSA-69416	Dimerization of procaspase-8	IEA	Homo sapiens
BIOMD0000000525	R-HSA-75157	1.5768453209830113E-10	https://reactome.org/PathwayBrowser/#/R-HSA-75157	FasL/ CD95L signaling	IEA	Homo sapiens
BIOMD0000000525	R-HSA-75108	4.210430858131442E-5	https://reactome.org/PathwayBrowser/#/R-HSA-75108	Activation, myristolyation of BID and translocation to mitochondria	IEA	Homo sapiens
BIOMD0000000525	R-HSA-9013957	9.462183518327283E-5	https://reactome.org/PathwayBrowser/#/R-HSA-9013957	TLR3-mediated TICAM1-dependent programmed cell death	IEA	Homo sapiens
BIOMD0000000525	R-HSA-2562578	2.1251880393646783E-4	https://reactome.org/PathwayBrowser/#/R-HSA-2562578	TRIF-mediated programmed cell death	IEA	Homo sapiens
BIOMD0000000525	R-HSA-933543	3.017090372892106E-4	https://reactome.org/PathwayBrowser/#/R-HSA-933543	NF-kB activation through FADD/RIP-1 pathway mediated by caspase-8 and -10	IEA	Homo sapiens
BIOMD0000000525	R-HSA-5357786	4.101703269521195E-4	https://reactome.org/PathwayBrowser/#/R-HSA-5357786	TNFR1-induced proapoptotic signaling	IEA	Homo sapiens
BIOMD0000000094	R-MMU-909733	4.0966074976722666E-10	https://reactome.org/PathwayBrowser/#/R-MMU-909733	Interferon alpha/beta signaling	IEA	Mus musculus
BIOMD0000000094	R-MMU-877312	2.5328480424136046E-9	https://reactome.org/PathwayBrowser/#/R-MMU-877312	Regulation of IFNG signaling	IEA	Mus musculus
BIOMD0000000094	R-MMU-877300	1.0917333703730492E-8	https://reactome.org/PathwayBrowser/#/R-MMU-877300	Interferon gamma signaling	IEA	Mus musculus
BIOMD0000000094	R-MMU-912694	4.003566056454133E-8	https://reactome.org/PathwayBrowser/#/R-MMU-912694	Regulation of IFNA signaling	IEA	Mus musculus
BIOMD0000000094	R-MMU-1059683	1.040466259150108E-6	https://reactome.org/PathwayBrowser/#/R-MMU-1059683	Interleukin-6 signaling	IEA	Mus musculus
BIOMD0000000094	R-MMU-8854691	3.2064493780126213E-6	https://reactome.org/PathwayBrowser/#/R-MMU-8854691	Interleukin-20 family signaling	IEA	Mus musculus
BIOMD0000000094	R-MMU-8985947	1.6261098916725558E-4	https://reactome.org/PathwayBrowser/#/R-MMU-8985947	Interleukin-9 signaling	IEA	Mus musculus
BIOMD0000000094	R-MMU-9020958	1.695355654307562E-4	https://reactome.org/PathwayBrowser/#/R-MMU-9020958	Interleukin-21 signaling	IEA	Mus musculus
BIOMD0000000094	R-MMU-8984722	1.695355654307562E-4	https://reactome.org/PathwayBrowser/#/R-MMU-8984722	Interleukin-35 Signalling	IEA	Mus musculus
BIOMD0000000503	R-SCE-70171	4.107825191113079E-15	https://reactome.org/PathwayBrowser/#/R-SCE-70171	Glycolysis	IEA	Saccharomyces cerevisiae
BIOMD0000000503	R-SCE-71336	7.10758870736683E-6	https://reactome.org/PathwayBrowser/#/R-SCE-71336	Pentose phosphate pathway	IEA	Saccharomyces cerevisiae
BIOMD0000000503	R-SCE-3322077	0.003584171459531049	https://reactome.org/PathwayBrowser/#/R-SCE-3322077	Glycogen synthesis	IEA	Saccharomyces cerevisiae
BIOMD0000000503	R-SCE-173599	0.003584171459531049	https://reactome.org/PathwayBrowser/#/R-SCE-173599	Formation of the active cofactor, UDP-glucuronate	IEA	Saccharomyces cerevisiae
BIOMD0000000503	R-SCE-163754	0.003584171459531049	https://reactome.org/PathwayBrowser/#/R-SCE-163754	Insulin effects increased synthesis of Xylulose-5-Phosphate	IEA	Saccharomyces cerevisiae
BIOMD0000000503	R-SCE-170822	0.003584171459531049	https://reactome.org/PathwayBrowser/#/R-SCE-170822	Regulation of Glucokinase by Glucokinase Regulatory Protein	IEA	Saccharomyces cerevisiae
BIOMD0000000021	R-DME-432490	1.2818268235847974E-5	https://reactome.org/PathwayBrowser/#/R-DME-432490	Nuclear import of PER and TIM	IEA	Drosophila melanogaste
BIOMD0000000021	R-DME-538898	2.3248525662600272E-5	https://reactome.org/PathwayBrowser/#/R-DME-538898	Dephosphorylation of TIM	IEA	Drosophila melanogaste
BIOMD0000000021	R-DME-432501	2.3248525662600272E-5	https://reactome.org/PathwayBrowser/#/R-DME-432501	Transcription repression by PER and activation by PDP1	IEA	Drosophila melanogaste
BIOMD0000000021	R-DME-432620	2.5612968063359887E-5	https://reactome.org/PathwayBrowser/#/R-DME-432620	Dephosphorylation of PER	IEA	Drosophila melanogaste
BIOMD0000000021	R-DME-432553	8.345783230312431E-5	https://reactome.org/PathwayBrowser/#/R-DME-432553	Phosphorylation of PER and TIM	IEA	Drosophila melanogaste
BIOMD0000000021	R-DME-432395	3.044477794806877E-4	https://reactome.org/PathwayBrowser/#/R-DME-432395	Degradation of TIM	IEA	Drosophila melanogaste
BIOMD0000000021	R-DME-432626	8.116959927300105E-4	https://reactome.org/PathwayBrowser/#/R-DME-432626	Circadian Clock pathway	IEA	Drosophila melanogaste
BIOMD0000000478	R-SCE-442720	1.9486079416708435E-10	https://reactome.org/PathwayBrowser/#/R-SCE-442720	CREB1 phosphorylation through the activation of Adenylate Cyclase	IEA	Saccharomyces cerevisiae
BIOMD0000000478	R-SCE-164378	1.9486079416708435E-10	https://reactome.org/PathwayBrowser/#/R-SCE-164378	PKA activation in glucagon signalling	IEA	Saccharomyces cerevisiae
BIOMD0000000478	R-SCE-5610787	1.9486079416708435E-10	https://reactome.org/PathwayBrowser/#/R-SCE-5610787	Hedgehog 'off' state	IEA	Saccharomyces cerevisiae
BIOMD0000000478	R-SCE-163615	1.9486079416708435E-10	https://reactome.org/PathwayBrowser/#/R-SCE-163615	PKA activation	IEA	Saccharomyces cerevisiae
BIOMD0000000478	R-SCE-180024	1.9486079416708435E-10	https://reactome.org/PathwayBrowser/#/R-SCE-180024	DARPP-32 events	IEA	Saccharomyces cerevisiae
BIOMD0000000059	R-MMU-139853	3.041094812805678E-5	https://reactome.org/PathwayBrowser/#/R-MMU-139853	Elevation of cytosolic Ca2+ levels	IEA	Mus musculus
BIOMD0000000059	R-MMU-5578775	3.155188172399015E-4	https://reactome.org/PathwayBrowser/#/R-MMU-5578775	Ion homeostasis	IEA	Mus musculus
BIOMD0000000059	R-MMU-399710	4.499701834970171E-4	https://reactome.org/PathwayBrowser/#/R-MMU-399710	Activation of AMPA receptors	IEA	Mus musculus
BIOMD0000000059	R-MMU-418359	6.324098505222642E-4	https://reactome.org/PathwayBrowser/#/R-MMU-418359	Reduction of cytosolic Ca++ levels	IEA	Mus musculus
BIOMD0000000059	R-MMU-425561	6.324098505222642E-4	https://reactome.org/PathwayBrowser/#/R-MMU-425561	Sodium/Calcium exchangers	IEA	Mus musculus
BIOMD0000000059	R-MMU-438066	0.0015281353813509924	https://reactome.org/PathwayBrowser/#/R-MMU-438066	Unblocking of NMDA receptors, glutamate binding and activation	IEA	Mus musculus
BIOMD0000000059	R-MMU-3295583	0.0016438034287130643	https://reactome.org/PathwayBrowser/#/R-MMU-3295583	TRP channels	IEA	Mus musculus
BIOMD0000000059	R-MMU-112043	0.003661656008890013	https://reactome.org/PathwayBrowser/#/R-MMU-112043	PLC beta mediated events	IEA	Mus musculus
BIOMD0000000059	R-MMU-5576892	0.004463105546865798	https://reactome.org/PathwayBrowser/#/R-MMU-5576892	Phase 0 - rapid depolarisation	IEA	Mus musculus
BIOMD0000000093	R-MMU-909733	8.266368700660109E-10	https://reactome.org/PathwayBrowser/#/R-MMU-909733	Interferon alpha/beta signaling	IEA	Mus musculus
BIOMD0000000093	R-MMU-912694	5.095447708214351E-8	https://reactome.org/PathwayBrowser/#/R-MMU-912694	Regulation of IFNA signaling	IEA	Mus musculus
BIOMD0000000093	R-MMU-877312	1.040466259150108E-6	https://reactome.org/PathwayBrowser/#/R-MMU-877312	Regulation of IFNG signaling	IEA	Mus musculus
BIOMD0000000093	R-MMU-1059683	1.040466259150108E-6	https://reactome.org/PathwayBrowser/#/R-MMU-1059683	Interleukin-6 signaling	IEA	Mus musculus
BIOMD0000000093	R-MMU-8854691	2.939245263178236E-6	https://reactome.org/PathwayBrowser/#/R-MMU-8854691	Interleukin-20 family signaling	IEA	Mus musculus
BIOMD0000000093	R-MMU-877300	2.939245263178236E-6	https://reactome.org/PathwayBrowser/#/R-MMU-877300	Interferon gamma signaling	IEA	Mus musculus
BIOMD0000000093	R-MMU-8985947	1.5699780580380462E-4	https://reactome.org/PathwayBrowser/#/R-MMU-8985947	Interleukin-9 signaling	IEA	Mus musculus
BIOMD0000000093	R-MMU-9020958	1.695355654307562E-4	https://reactome.org/PathwayBrowser/#/R-MMU-9020958	Interleukin-21 signaling	IEA	Mus musculus
BIOMD0000000093	R-MMU-8984722	1.695355654307562E-4	https://reactome.org/PathwayBrowser/#/R-MMU-8984722	Interleukin-35 Signalling	IEA	Mus musculus
BIOMD0000000093	R-MMU-6788467	3.9122915370060074E-4	https://reactome.org/PathwayBrowser/#/R-MMU-6788467	IL-6-type cytokine receptor ligand interactions	IEA	Mus musculus
BIOMD0000000314	R-HSA-982772	1.9185556476841725E-7	https://reactome.org/PathwayBrowser/#/R-HSA-982772	Growth hormone receptor signaling	IEA	Homo sapiens
BIOMD0000000314	R-HSA-9027283	6.450047911332746E-7	https://reactome.org/PathwayBrowser/#/R-HSA-9027283	Erythropoietin activates STAT5	IEA	Homo sapiens
BIOMD0000000314	R-HSA-512988	9.768100510676447E-7	https://reactome.org/PathwayBrowser/#/R-HSA-512988	Interleukin-3, Interleukin-5 and GM-CSF signaling	IEA	Homo sapiens
BIOMD0000000314	R-HSA-2586552	1.2491114562696026E-6	https://reactome.org/PathwayBrowser/#/R-HSA-2586552	Signaling by Leptin	IEA	Homo sapiens
BIOMD0000000314	R-HSA-6785807	6.450047911332746E-7	https://reactome.org/PathwayBrowser/#/R-HSA-6785807	Interleukin-4 and Interleukin-13 signaling	IEA	Homo sapiens
BIOMD0000000314	R-HSA-1170546	2.8740108770630712E-6	https://reactome.org/PathwayBrowser/#/R-HSA-1170546	Prolactin receptor signaling	IEA	Homo sapiens
BIOMD0000000314	R-HSA-9006335	1.340087024248593E-5	https://reactome.org/PathwayBrowser/#/R-HSA-9006335	Signaling by Erythropoietin	IEA	Homo sapiens
BIOMD0000000314	R-HSA-9645135	1.4053256614854348E-4	https://reactome.org/PathwayBrowser/#/R-HSA-9645135	STAT5 Activation	IEA	Homo sapiens
BIOMD0000000314	R-HSA-9020933	2.0307654944817788E-4	https://reactome.org/PathwayBrowser/#/R-HSA-9020933	Interleukin-23 signaling	IEA	Homo sapiens
BIOMD0000000314	R-HSA-8984722	2.5750633176280235E-4	https://reactome.org/PathwayBrowser/#/R-HSA-8984722	Interleukin-35 Signalling	IEA	Homo sapiens
BIOMD0000000314	R-HSA-1059683	3.2142274886881594E-4	https://reactome.org/PathwayBrowser/#/R-HSA-1059683	Interleukin-6 signaling	IEA	Homo sapiens
BIOMD0000000314	R-HSA-6788467	4.124560882048378E-4	https://reactome.org/PathwayBrowser/#/R-HSA-6788467	IL-6-type cytokine receptor ligand interactions	IEA	Homo sapiens
BIOMD0000000314	R-HSA-912694	7.204830781905036E-4	https://reactome.org/PathwayBrowser/#/R-HSA-912694	Regulation of IFNA signaling	IEA	Homo sapiens
BIOMD0000000314	R-HSA-912526	7.7660019179282E-4	https://reactome.org/PathwayBrowser/#/R-HSA-912526	Interleukin receptor SHC signaling	IEA	Homo sapiens
BIOMD0000000082	R-HSA-392023	1.466161303476099E-9	https://reactome.org/PathwayBrowser/#/R-HSA-392023	Adrenaline signalling through Alpha-2 adrenergic receptor	IEA	Homo sapiens
BIOMD0000000406	R-SPO-69017	6.582671871480095E-6	https://reactome.org/PathwayBrowser/#/R-SPO-69017	CDK-mediated phosphorylation and removal of Cdc6	IEA	Schizosaccharomyces pombe
BIOMD0000000406	R-SPO-69202	2.1418824558416816E-5	https://reactome.org/PathwayBrowser/#/R-SPO-69202	Cyclin E associated events during G1/S transition 	IEA	Schizosaccharomyces pombe
BIOMD0000000406	R-SPO-983168	2.505069664828774E-4	https://reactome.org/PathwayBrowser/#/R-SPO-983168	Antigen processing: Ubiquitination & Proteasome degradation	IEA	Schizosaccharomyces pombe
BIOMD0000000406	R-SPO-156711	0.0023332334178677305	https://reactome.org/PathwayBrowser/#/R-SPO-156711	Polo-like kinase mediated events	IEA	Schizosaccharomyces pombe
BIOMD0000000076	R-SCE-163560	7.919395863673628E-4	https://reactome.org/PathwayBrowser/#/R-SCE-163560	Triglyceride catabolism	IEA	Saccharomyces cerevisiae
BIOMD0000000635	R-MMU-180024	1.7985612998927536E-14	https://reactome.org/PathwayBrowser/#/R-MMU-180024	DARPP-32 events	IEA	Mus musculus
BIOMD0000000635	R-MMU-111885	1.7985612998927536E-14	https://reactome.org/PathwayBrowser/#/R-MMU-111885	Opioid Signalling	IEA	Mus musculus
BIOMD0000000635	R-MMU-112314	4.500289030318072E-12	https://reactome.org/PathwayBrowser/#/R-MMU-112314	Neurotransmitter receptors and postsynaptic signal transmission	IEA	Mus musculus
BIOMD0000000635	R-MMU-163615	1.4004797321831575E-11	https://reactome.org/PathwayBrowser/#/R-MMU-163615	PKA activation	IEA	Mus musculus
BIOMD0000000635	R-MMU-112043	1.984038489055706E-10	https://reactome.org/PathwayBrowser/#/R-MMU-112043	PLC beta mediated events	IEA	Mus musculus
BIOMD0000000635	R-MMU-111933	2.3543789140489935E-10	https://reactome.org/PathwayBrowser/#/R-MMU-111933	Calmodulin induced events	IEA	Mus musculus
BIOMD0000000635	R-MMU-1489509	3.413249682893138E-10	https://reactome.org/PathwayBrowser/#/R-MMU-1489509	DAG and IP3 signaling	IEA	Mus musculus
BIOMD0000000635	R-MMU-2025928	2.950121147371476E-9	https://reactome.org/PathwayBrowser/#/R-MMU-2025928	Calcineurin activates NFAT	IEA	Mus musculus
BIOMD0000000635	R-MMU-5607763	6.961833332042033E-9	https://reactome.org/PathwayBrowser/#/R-MMU-5607763	CLEC7A (Dectin-1) induces NFAT activation	IEA	Mus musculus
BIOMD0000000635	R-MMU-4086398	7.861143069831655E-9	https://reactome.org/PathwayBrowser/#/R-MMU-4086398	Ca2+ pathway	IEA	Mus musculus
BIOMD0000000635	R-MMU-442720	5.951957704475319E-8	https://reactome.org/PathwayBrowser/#/R-MMU-442720	CREB1 phosphorylation through the activation of Adenylate Cyclase	IEA	Mus musculus
BIOMD0000000635	R-MMU-164378	5.951957704475319E-8	https://reactome.org/PathwayBrowser/#/R-MMU-164378	PKA activation in glucagon signalling	IEA	Mus musculus
BIOMD0000000635	R-MMU-977444	2.7724727914568703E-6	https://reactome.org/PathwayBrowser/#/R-MMU-977444	GABA B receptor activation	IEA	Mus musculus
BIOMD0000000635	R-MMU-977443	1.268513026009277E-5	https://reactome.org/PathwayBrowser/#/R-MMU-977443	GABA receptor activation	IEA	Mus musculus
BIOMD0000000635	R-MMU-400042	1.5112105173131773E-5	https://reactome.org/PathwayBrowser/#/R-MMU-400042	Adrenaline,noradrenaline inhibits insulin secretion	IEA	Mus musculus
BIOMD0000000635	R-MMU-111957	2.0320286306940716E-5	https://reactome.org/PathwayBrowser/#/R-MMU-111957	Cam-PDE 1 activation	IEA	Mus musculus
BIOMD0000000635	R-MMU-381676	3.814729138573725E-5	https://reactome.org/PathwayBrowser/#/R-MMU-381676	Glucagon-like Peptide-1 (GLP1) regulates insulin secretion	IEA	Mus musculus
BIOMD0000000635	R-MMU-170660	1.5316186861014103E-4	https://reactome.org/PathwayBrowser/#/R-MMU-170660	Adenylate cyclase activating pathway	IEA	Mus musculus
BIOMD0000000635	R-MMU-170670	1.8144241147055595E-4	https://reactome.org/PathwayBrowser/#/R-MMU-170670	Adenylate cyclase inhibitory pathway	IEA	Mus musculus
BIOMD0000000635	R-MMU-202040	7.173092737823294E-4	https://reactome.org/PathwayBrowser/#/R-MMU-202040	G-protein activation	IEA	Mus musculus
BIOMD0000000635	R-MMU-392170	7.173092737823294E-4	https://reactome.org/PathwayBrowser/#/R-MMU-392170	ADP signalling through P2Y purinoceptor 12	IEA	Mus musculus
BIOMD0000000635	R-MMU-390651	0.0010409711342931338	https://reactome.org/PathwayBrowser/#/R-MMU-390651	Dopamine receptors	IEA	Mus musculus
BIOMD0000000635	R-MMU-390648	0.0010409711342931338	https://reactome.org/PathwayBrowser/#/R-MMU-390648	Muscarinic acetylcholine receptors	IEA	Mus musculus
BIOMD0000000635	R-MMU-111932	0.0012527709711607216	https://reactome.org/PathwayBrowser/#/R-MMU-111932	CaMK IV-mediated phosphorylation of CREB	IEA	Mus musculus
BIOMD0000000635	R-MMU-442729	0.0012527709711607216	https://reactome.org/PathwayBrowser/#/R-MMU-442729	CREB1 phosphorylation through the activation of CaMKII/CaMKK/CaMKIV cascasde	IEA	Mus musculus
BIOMD0000000635	R-MMU-9619229	0.0012527709711607216	https://reactome.org/PathwayBrowser/#/R-MMU-9619229	Activation of RAC1 downstream of NMDARs	IEA	Mus musculus
BIOMD0000000635	R-MMU-418597	0.0013263411439605743	https://reactome.org/PathwayBrowser/#/R-MMU-418597	G alpha (z) signalling events	IEA	Mus musculus
BIOMD0000000635	R-MMU-6814122	0.0016773772073402915	https://reactome.org/PathwayBrowser/#/R-MMU-6814122	Cooperation of PDCL (PhLP1) and TRiC/CCT in G-protein beta folding	IEA	Mus musculus
BIOMD0000000635	R-MMU-629597	0.00255881102565525	https://reactome.org/PathwayBrowser/#/R-MMU-629597	Highly calcium permeable nicotinic acetylcholine receptors	IEA	Mus musculus
BIOMD0000000635	R-MMU-451308	0.0035605706408980975	https://reactome.org/PathwayBrowser/#/R-MMU-451308	Activation of Ca-permeable Kainate Receptor	IEA	Mus musculus
BIOMD0000000635	R-MMU-629594	0.0035605706408980975	https://reactome.org/PathwayBrowser/#/R-MMU-629594	Highly calcium permeable postsynaptic nicotinic acetylcholine receptors	IEA	Mus musculus
BIOMD0000000635	R-MMU-5578775	0.003778209280500544	https://reactome.org/PathwayBrowser/#/R-MMU-5578775	Ion homeostasis	IEA	Mus musculus
BIOMD0000000635	R-MMU-418359	0.003778209280500544	https://reactome.org/PathwayBrowser/#/R-MMU-418359	Reduction of cytosolic Ca++ levels	IEA	Mus musculus
BIOMD0000000635	R-MMU-425561	0.003778209280500544	https://reactome.org/PathwayBrowser/#/R-MMU-425561	Sodium/Calcium exchangers	IEA	Mus musculus
BIOMD0000000256	R-HSA-111464	1.887379141862766E-14	https://reactome.org/PathwayBrowser/#/R-HSA-111464	SMAC(DIABLO)-mediated dissociation of IAP:caspase complexes 	IEA	Homo sapiens
BIOMD0000000256	R-HSA-111463	1.887379141862766E-14	https://reactome.org/PathwayBrowser/#/R-HSA-111463	SMAC (DIABLO) binds to IAPs 	IEA	Homo sapiens
BIOMD0000000256	R-HSA-111469	2.4424906541753444E-14	https://reactome.org/PathwayBrowser/#/R-HSA-111469	SMAC, XIAP-regulated apoptotic response	IEA	Homo sapiens
BIOMD0000000256	R-HSA-111471	8.414380303634061E-13	https://reactome.org/PathwayBrowser/#/R-HSA-111471	Apoptotic factor-mediated response	IEA	Homo sapiens
BIOMD0000000256	R-HSA-111459	1.3651080266186E-11	https://reactome.org/PathwayBrowser/#/R-HSA-111459	Activation of caspases through apoptosome-mediated cleavage	IEA	Homo sapiens
BIOMD0000000256	R-HSA-111458	9.993761374005317E-11	https://reactome.org/PathwayBrowser/#/R-HSA-111458	Formation of apoptosome	IEA	Homo sapiens
BIOMD0000000256	R-HSA-9627069	9.993761374005317E-11	https://reactome.org/PathwayBrowser/#/R-HSA-9627069	Regulation of the apoptosome activity	IEA	Homo sapiens
BIOMD0000000256	R-HSA-418889	5.9807227819064224E-5	https://reactome.org/PathwayBrowser/#/R-HSA-418889	Caspase activation via Dependence Receptors in the absence of ligand	IEA	Homo sapiens
BIOMD0000000594	R-HSA-5637810	1.0962268479630666E-6	https://reactome.org/PathwayBrowser/#/R-HSA-5637810	Constitutive Signaling by EGFRvIII	IEA	Homo sapiens
BIOMD0000000594	R-HSA-182971	2.719464465172905E-6	https://reactome.org/PathwayBrowser/#/R-HSA-182971	EGFR downregulation	IEA	Homo sapiens
BIOMD0000000594	R-HSA-1236382	1.0962268479630666E-6	https://reactome.org/PathwayBrowser/#/R-HSA-1236382	Constitutive Signaling by Ligand-Responsive EGFR Cancer Variants	IEA	Homo sapiens
BIOMD0000000594	R-HSA-177929	1.020325147971235E-5	https://reactome.org/PathwayBrowser/#/R-HSA-177929	Signaling by EGFR	IEA	Homo sapiens
BIOMD0000000594	R-HSA-179812	1.347979356418616E-4	https://reactome.org/PathwayBrowser/#/R-HSA-179812	GRB2 events in EGFR signaling	IEA	Homo sapiens
BIOMD0000000594	R-HSA-180336	1.347979356418616E-4	https://reactome.org/PathwayBrowser/#/R-HSA-180336	SHC1 events in EGFR signaling	IEA	Homo sapiens
BIOMD0000000594	R-HSA-8875360	1.3819499822886883E-4	https://reactome.org/PathwayBrowser/#/R-HSA-8875360	InlB-mediated entry of Listeria monocytogenes into host cell	IEA	Homo sapiens
BIOMD0000000594	R-HSA-1963640	1.3819499822886883E-4	https://reactome.org/PathwayBrowser/#/R-HSA-1963640	GRB2 events in ERBB2 signaling	IEA	Homo sapiens
BIOMD0000000594	R-HSA-180292	1.3819499822886883E-4	https://reactome.org/PathwayBrowser/#/R-HSA-180292	GAB1 signalosome	IEA	Homo sapiens
BIOMD0000000594	R-HSA-912631	1.7710936932346932E-4	https://reactome.org/PathwayBrowser/#/R-HSA-912631	Regulation of signaling by CBL	IEA	Homo sapiens
BIOMD0000000594	R-HSA-1250196	2.623268397131673E-4	https://reactome.org/PathwayBrowser/#/R-HSA-1250196	SHC1 events in ERBB2 signaling	IEA	Homo sapiens
BIOMD0000000594	R-HSA-1251932	0.004289160247443635	https://reactome.org/PathwayBrowser/#/R-HSA-1251932	PLCG1 events in ERBB2 signaling	IEA	Homo sapiens
BIOMD0000000182	R-RNO-112409	3.9458270804926254E-4	https://reactome.org/PathwayBrowser/#/R-RNO-112409	RAF-independent MAPK1/3 activation	IEA	Rattus norvegicus
BIOMD0000000182	R-RNO-5674499	9.97332531300632E-4	https://reactome.org/PathwayBrowser/#/R-RNO-5674499	Negative feedback regulation of MAPK pathway	IEA	Rattus norvegicus
BIOMD0000000182	R-RNO-170968	0.003330854997302346	https://reactome.org/PathwayBrowser/#/R-RNO-170968	Frs2-mediated activation	IEA	Rattus norvegicus
BIOMD0000000182	R-RNO-170660	0.003330854997302346	https://reactome.org/PathwayBrowser/#/R-RNO-170660	Adenylate cyclase activating pathway	IEA	Rattus norvegicus
BIOMD0000000182	R-RNO-163615	0.003330854997302346	https://reactome.org/PathwayBrowser/#/R-RNO-163615	PKA activation	IEA	Rattus norvegicus
BIOMD0000000147	R-MMU-1810476	4.9960036108132044E-15	https://reactome.org/PathwayBrowser/#/R-MMU-1810476	RIP-mediated NFkB activation via ZBP1	IEA	Mus musculus
BIOMD0000000147	R-MMU-933542	4.9960036108132044E-15	https://reactome.org/PathwayBrowser/#/R-MMU-933542	TRAF6 mediated NF-kB activation	IEA	Mus musculus
BIOMD0000000147	R-MMU-1169091	2.5646151868841116E-14	https://reactome.org/PathwayBrowser/#/R-MMU-1169091	Activation of NF-kappaB in B cells	IEA	Mus musculus
BIOMD0000000147	R-MMU-445989	7.09432512735475E-14	https://reactome.org/PathwayBrowser/#/R-MMU-445989	TAK1 activates NFkB by phosphorylation and activation of IKKs complex	IEA	Mus musculus
BIOMD0000000147	R-MMU-5684264	2.6694113586245294E-10	https://reactome.org/PathwayBrowser/#/R-MMU-5684264	MAP3K8 (TPL2)-dependent MAPK1/3 activation	IEA	Mus musculus
BIOMD0000000147	R-MMU-209560	9.53513704660125E-8	https://reactome.org/PathwayBrowser/#/R-MMU-209560	NF-kB is activated and signals survival	IEA	Mus musculus
BIOMD0000000336	R-HSA-140875	2.9094675557672645E-9	https://reactome.org/PathwayBrowser/#/R-HSA-140875	Common Pathway of Fibrin Clot Formation	IEA	Homo sapiens
BIOMD0000000336	R-HSA-140834	1.7848230671191345E-8	https://reactome.org/PathwayBrowser/#/R-HSA-140834	Extrinsic Pathway of Fibrin Clot Formation	IEA	Homo sapiens
BIOMD0000000336	R-HSA-204005	0.0010909813565762594	https://reactome.org/PathwayBrowser/#/R-HSA-204005	COPII-mediated vesicle transport	IEA	Homo sapiens
BIOMD0000000576	R-HSA-383280	7.438494264988549E-15	https://reactome.org/PathwayBrowser/#/R-HSA-383280	Nuclear Receptor transcription pathway	IEA	Homo sapiens
BIOMD0000000576	R-HSA-8849473	0.0015380271960538927	https://reactome.org/PathwayBrowser/#/R-HSA-8849473	PTK6 Expression	IEA	Homo sapiens
BIOMD0000000591	R-MMU-2586552	9.2595780820659E-7	https://reactome.org/PathwayBrowser/#/R-MMU-2586552	Signaling by Leptin	IEA	Mus musculus
BIOMD0000000338	R-HSA-140875	2.220446049250313E-15	https://reactome.org/PathwayBrowser/#/R-HSA-140875	Common Pathway of Fibrin Clot Formation	IEA	Homo sapiens
BIOMD0000000338	R-HSA-140837	2.220446049250313E-15	https://reactome.org/PathwayBrowser/#/R-HSA-140837	Intrinsic Pathway of Fibrin Clot Formation	IEA	Homo sapiens
BIOMD0000000338	R-HSA-159763	1.3500311979441904E-13	https://reactome.org/PathwayBrowser/#/R-HSA-159763	Transport of gamma-carboxylated protein precursors from the endoplasmic reticulum to the Golgi apparatus	IEA	Homo sapiens
BIOMD0000000338	R-HSA-159782	2.063904602778166E-13	https://reactome.org/PathwayBrowser/#/R-HSA-159782	Removal of aminoterminal propeptides from gamma-carboxylated proteins	IEA	Homo sapiens
BIOMD0000000338	R-HSA-159740	1.9833024111903796E-12	https://reactome.org/PathwayBrowser/#/R-HSA-159740	Gamma-carboxylation of protein precursors	IEA	Homo sapiens
BIOMD0000000338	R-HSA-140834	5.0319748368110595E-12	https://reactome.org/PathwayBrowser/#/R-HSA-140834	Extrinsic Pathway of Fibrin Clot Formation	IEA	Homo sapiens
BIOMD0000000338	R-HSA-8957275	4.9326133960692076E-6	https://reactome.org/PathwayBrowser/#/R-HSA-8957275	Post-translational protein phosphorylation	IEA	Homo sapiens
BIOMD0000000338	R-HSA-354194	2.190276437330496E-5	https://reactome.org/PathwayBrowser/#/R-HSA-354194	GRB2:SOS provides linkage to MAPK signaling for Integrins 	IEA	Homo sapiens
BIOMD0000000338	R-HSA-372708	2.908822313951731E-5	https://reactome.org/PathwayBrowser/#/R-HSA-372708	p130Cas linkage to MAPK signaling for integrins	IEA	Homo sapiens
BIOMD0000000338	R-HSA-354192	1.1927444889325844E-4	https://reactome.org/PathwayBrowser/#/R-HSA-354192	Integrin alphaIIb beta3 signaling	IEA	Homo sapiens
BIOMD0000000338	R-HSA-6802948	2.0761015468395705E-4	https://reactome.org/PathwayBrowser/#/R-HSA-6802948	Signaling by high-kinase activity BRAF mutants	IEA	Homo sapiens
BIOMD0000000338	R-HSA-6802952	5.022560698610956E-4	https://reactome.org/PathwayBrowser/#/R-HSA-6802952	Signaling by BRAF and RAF fusions	IEA	Homo sapiens
BIOMD0000000582	R-HSA-5674400	4.602869405623267E-6	https://reactome.org/PathwayBrowser/#/R-HSA-5674400	Constitutive Signaling by AKT1 E17K in Cancer	IEA	Homo sapiens
BIOMD0000000582	R-HSA-198323	3.1153394956628944E-5	https://reactome.org/PathwayBrowser/#/R-HSA-198323	AKT phosphorylates targets in the cytosol	IEA	Homo sapiens
BIOMD0000000582	R-HSA-9617828	9.998239861142011E-5	https://reactome.org/PathwayBrowser/#/R-HSA-9617828	FOXO-mediated transcription of cell cycle genes	IEA	Homo sapiens
BIOMD0000000582	R-HSA-198693	9.617483634466462E-4	https://reactome.org/PathwayBrowser/#/R-HSA-198693	AKT phosphorylates targets in the nucleus	IEA	Homo sapiens
BIOMD0000000582	R-HSA-9613354	9.617483634466462E-4	https://reactome.org/PathwayBrowser/#/R-HSA-9613354	Lipophagy	IEA	Homo sapiens
BIOMD0000000582	R-HSA-9614399	0.0010835673878228924	https://reactome.org/PathwayBrowser/#/R-HSA-9614399	Regulation of localization of FOXO transcription factors	IEA	Homo sapiens
BIOMD0000000582	R-HSA-9619483	0.004575573886447359	https://reactome.org/PathwayBrowser/#/R-HSA-9619483	Activation of AMPK downstream of NMDARs	IEA	Homo sapiens
BIOMD0000000582	R-HSA-380972	0.004715197082684419	https://reactome.org/PathwayBrowser/#/R-HSA-380972	Energy dependent regulation of mTOR by LKB1-AMPK	IEA	Homo sapiens
BIOMD0000000535	R-HSA-1059683	2.4070868742676055E-7	https://reactome.org/PathwayBrowser/#/R-HSA-1059683	Interleukin-6 signaling	IEA	Homo sapiens
BIOMD0000000575	R-HSA-3299685	2.1477314541273884E-6	https://reactome.org/PathwayBrowser/#/R-HSA-3299685	Detoxification of Reactive Oxygen Species	IEA	Homo sapiens
BIOMD0000000575	R-HSA-209905	3.7799120672366016E-6	https://reactome.org/PathwayBrowser/#/R-HSA-209905	Catecholamine biosynthesis	IEA	Homo sapiens
BIOMD0000000575	R-HSA-181430	1.0446597366264854E-5	https://reactome.org/PathwayBrowser/#/R-HSA-181430	Norepinephrine Neurotransmitter Release Cycle	IEA	Homo sapiens
BIOMD0000000575	R-HSA-379397	1.9714690784544686E-5	https://reactome.org/PathwayBrowser/#/R-HSA-379397	Enzymatic degradation of dopamine by COMT	IEA	Homo sapiens
BIOMD0000000575	R-HSA-379401	3.661043601066449E-5	https://reactome.org/PathwayBrowser/#/R-HSA-379401	Dopamine clearance from the synaptic cleft	IEA	Homo sapiens
BIOMD0000000575	R-HSA-2142712	4.534184636195704E-5	https://reactome.org/PathwayBrowser/#/R-HSA-2142712	Synthesis of 12-eicosatetraenoic acid derivatives	IEA	Homo sapiens
BIOMD0000000575	R-HSA-141333	3.1190241388823203E-4	https://reactome.org/PathwayBrowser/#/R-HSA-141333	Biogenic amines are oxidatively deaminated to aldehydes by MAOA and MAOB	IEA	Homo sapiens
BIOMD0000000575	R-HSA-1222387	5.841855739543433E-4	https://reactome.org/PathwayBrowser/#/R-HSA-1222387	Tolerance of reactive oxygen produced by macrophages	IEA	Homo sapiens
BIOMD0000000575	R-HSA-1169408	0.0015833485543055303	https://reactome.org/PathwayBrowser/#/R-HSA-1169408	ISG15 antiviral mechanism	IEA	Homo sapiens
BIOMD0000000575	R-HSA-8857538	0.0032202939814410803	https://reactome.org/PathwayBrowser/#/R-HSA-8857538	PTK6 promotes HIF1A stabilization	IEA	Homo sapiens
BIOMD0000000575	R-HSA-8849469	0.00410528391175502	https://reactome.org/PathwayBrowser/#/R-HSA-8849469	PTK6 Regulates RTKs and Their Effectors AKT1 and DOK1	IEA	Homo sapiens
BIOMD0000000575	R-HSA-983168	0.004335477707851698	https://reactome.org/PathwayBrowser/#/R-HSA-983168	Antigen processing: Ubiquitination & Proteasome degradation	IEA	Homo sapiens
BIOMD0000000426	R-HSA-163754	1.2015124994135817E-4	https://reactome.org/PathwayBrowser/#/R-HSA-163754	Insulin effects increased synthesis of Xylulose-5-Phosphate	IEA	Homo sapiens
BIOMD0000000504	R-HSA-450341	3.201494453985987E-7	https://reactome.org/PathwayBrowser/#/R-HSA-450341	Activation of the AP-1 family of transcription factors	IEA	Homo sapiens
BIOMD0000000504	R-HSA-6783783	6.75082435286356E-7	https://reactome.org/PathwayBrowser/#/R-HSA-6783783	Interleukin-10 signaling	IEA	Homo sapiens
BIOMD0000000504	R-HSA-8849474	4.910911929112416E-6	https://reactome.org/PathwayBrowser/#/R-HSA-8849474	PTK6 Activates STAT3	IEA	Homo sapiens
BIOMD0000000504	R-HSA-1059683	4.943157098036277E-5	https://reactome.org/PathwayBrowser/#/R-HSA-1059683	Interleukin-6 signaling	IEA	Homo sapiens
BIOMD0000000504	R-HSA-6788467	4.943157098036277E-5	https://reactome.org/PathwayBrowser/#/R-HSA-6788467	IL-6-type cytokine receptor ligand interactions	IEA	Homo sapiens
BIOMD0000000504	R-HSA-450321	1.301657775412135E-4	https://reactome.org/PathwayBrowser/#/R-HSA-450321	JNK (c-Jun kinases) phosphorylation and  activation mediated by activated human TAK1	IEA	Homo sapiens
BIOMD0000000504	R-HSA-450302	1.301657775412135E-4	https://reactome.org/PathwayBrowser/#/R-HSA-450302	activated TAK1 mediates p38 MAPK activation	IEA	Homo sapiens
BIOMD0000000504	R-HSA-8854691	1.4438068998334774E-4	https://reactome.org/PathwayBrowser/#/R-HSA-8854691	Interleukin-20 family signaling	IEA	Homo sapiens
BIOMD0000000504	R-HSA-8985947	9.867657916170502E-4	https://reactome.org/PathwayBrowser/#/R-HSA-8985947	Interleukin-9 signaling	IEA	Homo sapiens
BIOMD0000000504	R-HSA-937042	0.0011725785736449446	https://reactome.org/PathwayBrowser/#/R-HSA-937042	IRAK2 mediated activation of TAK1 complex	IEA	Homo sapiens
BIOMD0000000504	R-HSA-9020958	0.0011725785736449446	https://reactome.org/PathwayBrowser/#/R-HSA-9020958	Interleukin-21 signaling	IEA	Homo sapiens
BIOMD0000000504	R-HSA-8983432	0.0017431692269738175	https://reactome.org/PathwayBrowser/#/R-HSA-8983432	Interleukin-15 signaling	IEA	Homo sapiens
BIOMD0000000504	R-HSA-975163	0.0017431692269738175	https://reactome.org/PathwayBrowser/#/R-HSA-975163	IRAK2 mediated activation of TAK1 complex upon TLR7/8 or 9 stimulation	IEA	Homo sapiens
BIOMD0000000504	R-HSA-937072	0.0019393362180335494	https://reactome.org/PathwayBrowser/#/R-HSA-937072	TRAF6-mediated induction of TAK1 complex within TLR4 complex	IEA	Homo sapiens
BIOMD0000000504	R-HSA-912694	0.004155547597627152	https://reactome.org/PathwayBrowser/#/R-HSA-912694	Regulation of IFNA signaling	IEA	Homo sapiens
BIOMD0000000160	R-DME-432501	7.083222897108499E-13	https://reactome.org/PathwayBrowser/#/R-DME-432501	Transcription repression by PER and activation by PDP1	IEA	Drosophila melanogaste
BIOMD0000000160	R-DME-432620	1.3659628983475613E-9	https://reactome.org/PathwayBrowser/#/R-DME-432620	Dephosphorylation of PER	IEA	Drosophila melanogaste
BIOMD0000000160	R-DME-432626	2.197677040349788E-8	https://reactome.org/PathwayBrowser/#/R-DME-432626	Circadian Clock pathway	IEA	Drosophila melanogaste
BIOMD0000000160	R-DME-432560	3.0972465259182513E-8	https://reactome.org/PathwayBrowser/#/R-DME-432560	Transcription activation by CLK:CYC and repression by VRI	IEA	Drosophila melanogaste
BIOMD0000000160	R-DME-432395	3.081244803748717E-7	https://reactome.org/PathwayBrowser/#/R-DME-432395	Degradation of TIM	IEA	Drosophila melanogaste
BIOMD0000000160	R-DME-432490	7.111450108898687E-6	https://reactome.org/PathwayBrowser/#/R-DME-432490	Nuclear import of PER and TIM	IEA	Drosophila melanogaste
BIOMD0000000160	R-DME-432524	1.7577375613697654E-5	https://reactome.org/PathwayBrowser/#/R-DME-432524	Degradation of PER	IEA	Drosophila melanogaste
BIOMD0000000160	R-DME-538898	3.86230908988594E-5	https://reactome.org/PathwayBrowser/#/R-DME-538898	Dephosphorylation of TIM	IEA	Drosophila melanogaste
BIOMD0000000160	R-DME-432553	4.128988758037577E-4	https://reactome.org/PathwayBrowser/#/R-DME-432553	Phosphorylation of PER and TIM	IEA	Drosophila melanogaste
BIOMD0000000227	R-MMU-1810476	7.549516567451064E-15	https://reactome.org/PathwayBrowser/#/R-MMU-1810476	RIP-mediated NFkB activation via ZBP1	IEA	Mus musculus
BIOMD0000000227	R-MMU-933542	1.509903313490213E-14	https://reactome.org/PathwayBrowser/#/R-MMU-933542	TRAF6 mediated NF-kB activation	IEA	Mus musculus
BIOMD0000000227	R-MMU-445989	2.8377300509419E-13	https://reactome.org/PathwayBrowser/#/R-MMU-445989	TAK1 activates NFkB by phosphorylation and activation of IKKs complex	IEA	Mus musculus
BIOMD0000000227	R-MMU-1169091	2.0639712161596435E-11	https://reactome.org/PathwayBrowser/#/R-MMU-1169091	Activation of NF-kappaB in B cells	IEA	Mus musculus
BIOMD0000000227	R-MMU-5684264	5.332847496930526E-10	https://reactome.org/PathwayBrowser/#/R-MMU-5684264	MAP3K8 (TPL2)-dependent MAPK1/3 activation	IEA	Mus musculus
BIOMD0000000227	R-MMU-209560	5.332847496930526E-10	https://reactome.org/PathwayBrowser/#/R-MMU-209560	NF-kB is activated and signals survival	IEA	Mus musculus
BIOMD0000000227	R-MMU-4755510	9.240382103925526E-8	https://reactome.org/PathwayBrowser/#/R-MMU-4755510	SUMOylation of immune response proteins	IEA	Mus musculus
BIOMD0000000227	R-MMU-5607761	0.0010274197477193603	https://reactome.org/PathwayBrowser/#/R-MMU-5607761	Dectin-1 mediated noncanonical NF-kB signaling	IEA	Mus musculus
BIOMD0000000227	R-MMU-5676590	0.0010274197477193603	https://reactome.org/PathwayBrowser/#/R-MMU-5676590	NIK-->noncanonical NF-kB signaling	IEA	Mus musculus
BIOMD0000000523	R-HSA-5218900	2.8421709430404007E-13	https://reactome.org/PathwayBrowser/#/R-HSA-5218900	CASP8 activity is inhibited	IEA	Homo sapiens
BIOMD0000000523	R-HSA-140534	8.79296635503124E-13	https://reactome.org/PathwayBrowser/#/R-HSA-140534	Caspase activation via Death Receptors in the presence of ligand	IEA	Homo sapiens
BIOMD0000000523	R-HSA-5675482	1.042055330913172E-12	https://reactome.org/PathwayBrowser/#/R-HSA-5675482	Regulation of necroptotic cell death	IEA	Homo sapiens
BIOMD0000000523	R-HSA-69416	7.2442052356791464E-12	https://reactome.org/PathwayBrowser/#/R-HSA-69416	Dimerization of procaspase-8	IEA	Homo sapiens
BIOMD0000000523	R-HSA-3371378	7.2442052356791464E-12	https://reactome.org/PathwayBrowser/#/R-HSA-3371378	Regulation by c-FLIP	IEA	Homo sapiens
BIOMD0000000523	R-HSA-75157	1.5768453209830113E-10	https://reactome.org/PathwayBrowser/#/R-HSA-75157	FasL/ CD95L signaling	IEA	Homo sapiens
BIOMD0000000523	R-HSA-75108	4.210430858131442E-5	https://reactome.org/PathwayBrowser/#/R-HSA-75108	Activation, myristolyation of BID and translocation to mitochondria	IEA	Homo sapiens
BIOMD0000000523	R-HSA-9013957	9.462183518327283E-5	https://reactome.org/PathwayBrowser/#/R-HSA-9013957	TLR3-mediated TICAM1-dependent programmed cell death	IEA	Homo sapiens
BIOMD0000000523	R-HSA-2562578	2.1251880393646783E-4	https://reactome.org/PathwayBrowser/#/R-HSA-2562578	TRIF-mediated programmed cell death	IEA	Homo sapiens
BIOMD0000000523	R-HSA-933543	3.017090372892106E-4	https://reactome.org/PathwayBrowser/#/R-HSA-933543	NF-kB activation through FADD/RIP-1 pathway mediated by caspase-8 and -10	IEA	Homo sapiens
BIOMD0000000523	R-HSA-5357786	4.101703269521195E-4	https://reactome.org/PathwayBrowser/#/R-HSA-5357786	TNFR1-induced proapoptotic signaling	IEA	Homo sapiens
BIOMD0000000326	R-MMU-2514859	5.639932965095795E-14	https://reactome.org/PathwayBrowser/#/R-MMU-2514859	Inactivation, recovery and regulation of the phototransduction cascade	IEA	Mus musculus
BIOMD0000000326	R-MMU-2485179	1.7091956217019089E-7	https://reactome.org/PathwayBrowser/#/R-MMU-2485179	Activation of the phototransduction cascade	IEA	Mus musculus
BIOMD0000000602	R-HSA-6785470	2.3092638912203256E-14	https://reactome.org/PathwayBrowser/#/R-HSA-6785470	tRNA processing in the mitochondrion	IEA	Homo sapiens
BIOMD0000000602	R-HSA-8868766	2.3092638912203256E-14	https://reactome.org/PathwayBrowser/#/R-HSA-8868766	rRNA processing in the mitochondrion	IEA	Homo sapiens
BIOMD0000000602	R-HSA-71240	5.991327434173854E-8	https://reactome.org/PathwayBrowser/#/R-HSA-71240	Tryptophan catabolism	IEA	Homo sapiens
BIOMD0000000602	R-HSA-209931	1.05849877406472E-5	https://reactome.org/PathwayBrowser/#/R-HSA-209931	Serotonin and melatonin biosynthesis	IEA	Homo sapiens
BIOMD0000000602	R-HSA-112311	1.778416194508914E-5	https://reactome.org/PathwayBrowser/#/R-HSA-112311	Neurotransmitter clearance	IEA	Homo sapiens
BIOMD0000000602	R-HSA-379401	1.7391599482152742E-4	https://reactome.org/PathwayBrowser/#/R-HSA-379401	Dopamine clearance from the synaptic cleft	IEA	Homo sapiens
BIOMD0000000602	R-HSA-380612	0.0017804310271356538	https://reactome.org/PathwayBrowser/#/R-HSA-380612	Metabolism of serotonin	IEA	Homo sapiens
BIOMD0000000602	R-HSA-141333	0.0017804310271356538	https://reactome.org/PathwayBrowser/#/R-HSA-141333	Biogenic amines are oxidatively deaminated to aldehydes by MAOA and MAOB	IEA	Homo sapiens
BIOMD0000000602	R-HSA-379397	0.00204395406850999	https://reactome.org/PathwayBrowser/#/R-HSA-379397	Enzymatic degradation of dopamine by COMT	IEA	Homo sapiens
BIOMD0000000602	R-HSA-8964539	0.0022947041812282354	https://reactome.org/PathwayBrowser/#/R-HSA-8964539	Glutamate and glutamine metabolism	IEA	Homo sapiens
BIOMD0000000602	R-HSA-5358493	0.0022947041812282354	https://reactome.org/PathwayBrowser/#/R-HSA-5358493	Synthesis of diphthamide-EEF2	IEA	Homo sapiens
BIOMD0000000602	R-HSA-380615	0.0026470636801234626	https://reactome.org/PathwayBrowser/#/R-HSA-380615	Serotonin clearance from the synaptic cleft	IEA	Homo sapiens
BIOMD0000000602	R-HSA-6782861	0.0042553780367335925	https://reactome.org/PathwayBrowser/#/R-HSA-6782861	Synthesis of wybutosine at G37 of tRNA(Phe)	IEA	Homo sapiens
BIOMD0000000331	R-RNO-434316	1.5923967345843337E-5	https://reactome.org/PathwayBrowser/#/R-RNO-434316	Fatty Acids bound to GPR40 (FFAR1) regulate insulin secretion	IEA	Rattus norvegicus
BIOMD0000000340	R-HSA-140875	2.220446049250313E-15	https://reactome.org/PathwayBrowser/#/R-HSA-140875	Common Pathway of Fibrin Clot Formation	IEA	Homo sapiens
BIOMD0000000340	R-HSA-140837	2.220446049250313E-15	https://reactome.org/PathwayBrowser/#/R-HSA-140837	Intrinsic Pathway of Fibrin Clot Formation	IEA	Homo sapiens
BIOMD0000000340	R-HSA-159763	1.3500311979441904E-13	https://reactome.org/PathwayBrowser/#/R-HSA-159763	Transport of gamma-carboxylated protein precursors from the endoplasmic reticulum to the Golgi apparatus	IEA	Homo sapiens
BIOMD0000000340	R-HSA-159782	2.063904602778166E-13	https://reactome.org/PathwayBrowser/#/R-HSA-159782	Removal of aminoterminal propeptides from gamma-carboxylated proteins	IEA	Homo sapiens
BIOMD0000000340	R-HSA-159740	1.9833024111903796E-12	https://reactome.org/PathwayBrowser/#/R-HSA-159740	Gamma-carboxylation of protein precursors	IEA	Homo sapiens
BIOMD0000000340	R-HSA-140834	5.0319748368110595E-12	https://reactome.org/PathwayBrowser/#/R-HSA-140834	Extrinsic Pathway of Fibrin Clot Formation	IEA	Homo sapiens
BIOMD0000000340	R-HSA-8957275	4.9326133960692076E-6	https://reactome.org/PathwayBrowser/#/R-HSA-8957275	Post-translational protein phosphorylation	IEA	Homo sapiens
BIOMD0000000340	R-HSA-354194	2.190276437330496E-5	https://reactome.org/PathwayBrowser/#/R-HSA-354194	GRB2:SOS provides linkage to MAPK signaling for Integrins 	IEA	Homo sapiens
BIOMD0000000340	R-HSA-372708	2.908822313951731E-5	https://reactome.org/PathwayBrowser/#/R-HSA-372708	p130Cas linkage to MAPK signaling for integrins	IEA	Homo sapiens
BIOMD0000000340	R-HSA-354192	1.1927444889325844E-4	https://reactome.org/PathwayBrowser/#/R-HSA-354192	Integrin alphaIIb beta3 signaling	IEA	Homo sapiens
BIOMD0000000340	R-HSA-6802948	2.0761015468395705E-4	https://reactome.org/PathwayBrowser/#/R-HSA-6802948	Signaling by high-kinase activity BRAF mutants	IEA	Homo sapiens
BIOMD0000000340	R-HSA-6802952	5.022560698610956E-4	https://reactome.org/PathwayBrowser/#/R-HSA-6802952	Signaling by BRAF and RAF fusions	IEA	Homo sapiens
BIOMD0000000149	R-HSA-4641262	1.9041143412001915E-6	https://reactome.org/PathwayBrowser/#/R-HSA-4641262	Disassembly of the destruction complex and recruitment of AXIN to the membrane	IEA	Homo sapiens
BIOMD0000000149	R-HSA-5674499	1.9041143412001915E-6	https://reactome.org/PathwayBrowser/#/R-HSA-5674499	Negative feedback regulation of MAPK pathway	IEA	Homo sapiens
BIOMD0000000149	R-HSA-5675221	1.9261698033234964E-6	https://reactome.org/PathwayBrowser/#/R-HSA-5675221	Negative regulation of MAPK pathway	IEA	Homo sapiens
BIOMD0000000149	R-HSA-6802948	1.9261698033234964E-6	https://reactome.org/PathwayBrowser/#/R-HSA-6802948	Signaling by high-kinase activity BRAF mutants	IEA	Homo sapiens
BIOMD0000000149	R-HSA-9649948	2.3113023425169743E-6	https://reactome.org/PathwayBrowser/#/R-HSA-9649948	Signaling downstream of RAS mutants	IEA	Homo sapiens
BIOMD0000000149	R-HSA-6802946	2.3113023425169743E-6	https://reactome.org/PathwayBrowser/#/R-HSA-6802946	Signaling by moderate kinase activity BRAF mutants	IEA	Homo sapiens
BIOMD0000000149	R-HSA-6802955	2.3113023425169743E-6	https://reactome.org/PathwayBrowser/#/R-HSA-6802955	Paradoxical activation of RAF signaling by kinase inactive BRAF	IEA	Homo sapiens
BIOMD0000000149	R-HSA-5674135	1.9261698033234964E-6	https://reactome.org/PathwayBrowser/#/R-HSA-5674135	MAP2K and MAPK activation	IEA	Homo sapiens
BIOMD0000000149	R-HSA-5339716	5.9216881415080636E-6	https://reactome.org/PathwayBrowser/#/R-HSA-5339716	Misspliced GSK3beta mutants stabilize beta-catenin	IEA	Homo sapiens
BIOMD0000000149	R-HSA-6802952	5.9216881415080636E-6	https://reactome.org/PathwayBrowser/#/R-HSA-6802952	Signaling by BRAF and RAF fusions	IEA	Homo sapiens
BIOMD0000000149	R-HSA-5358749	5.9216881415080636E-6	https://reactome.org/PathwayBrowser/#/R-HSA-5358749	S37 mutants of beta-catenin aren't phosphorylated	IEA	Homo sapiens
BIOMD0000000149	R-HSA-5358747	5.9216881415080636E-6	https://reactome.org/PathwayBrowser/#/R-HSA-5358747	S33 mutants of beta-catenin aren't phosphorylated	IEA	Homo sapiens
BIOMD0000000149	R-HSA-5358752	5.9216881415080636E-6	https://reactome.org/PathwayBrowser/#/R-HSA-5358752	T41 mutants of beta-catenin aren't phosphorylated	IEA	Homo sapiens
BIOMD0000000149	R-HSA-5358751	5.9216881415080636E-6	https://reactome.org/PathwayBrowser/#/R-HSA-5358751	S45 mutants of beta-catenin aren't phosphorylated	IEA	Homo sapiens
BIOMD0000000149	R-HSA-201681	1.0536374262071213E-5	https://reactome.org/PathwayBrowser/#/R-HSA-201681	TCF dependent signaling in response to WNT	IEA	Homo sapiens
BIOMD0000000149	R-HSA-196299	7.462844741401575E-6	https://reactome.org/PathwayBrowser/#/R-HSA-196299	Beta-catenin phosphorylation cascade	IEA	Homo sapiens
BIOMD0000000149	R-HSA-195253	1.0978359569424612E-5	https://reactome.org/PathwayBrowser/#/R-HSA-195253	Degradation of beta-catenin by the destruction complex	IEA	Homo sapiens
BIOMD0000000149	R-HSA-8951430	2.801605161295573E-4	https://reactome.org/PathwayBrowser/#/R-HSA-8951430	RUNX3 regulates WNT signaling	IEA	Homo sapiens
BIOMD0000000149	R-HSA-4411364	2.801605161295573E-4	https://reactome.org/PathwayBrowser/#/R-HSA-4411364	Binding of TCF/LEF:CTNNB1 to target gene promoters	IEA	Homo sapiens
BIOMD0000000149	R-HSA-5673001	5.986641463086029E-4	https://reactome.org/PathwayBrowser/#/R-HSA-5673001	RAF/MAP kinase cascade	IEA	Homo sapiens
BIOMD0000000149	R-HSA-5467340	5.986641463086029E-4	https://reactome.org/PathwayBrowser/#/R-HSA-5467340	AXIN missense mutants destabilize the destruction complex	IEA	Homo sapiens
BIOMD0000000149	R-HSA-5467337	5.986641463086029E-4	https://reactome.org/PathwayBrowser/#/R-HSA-5467337	APC truncation mutants have impaired AXIN binding	IEA	Homo sapiens
BIOMD0000000149	R-HSA-5467348	5.986641463086029E-4	https://reactome.org/PathwayBrowser/#/R-HSA-5467348	Truncations of AMER1 destabilize the destruction complex	IEA	Homo sapiens
BIOMD0000000149	R-HSA-112409	0.0014999375662076986	https://reactome.org/PathwayBrowser/#/R-HSA-112409	RAF-independent MAPK1/3 activation	IEA	Homo sapiens
BIOMD0000000149	R-HSA-5673000	0.002493120731101861	https://reactome.org/PathwayBrowser/#/R-HSA-5673000	RAF activation	IEA	Homo sapiens
BIOMD0000000149	R-HSA-3769402	0.004549418285140883	https://reactome.org/PathwayBrowser/#/R-HSA-3769402	Deactivation of the beta-catenin transactivating complex	IEA	Homo sapiens
BIOMD0000000499	R-HSA-2173789	8.021250330614293E-9	https://reactome.org/PathwayBrowser/#/R-HSA-2173789	TGF-beta receptor signaling activates SMADs	IEA	Homo sapiens
BIOMD0000000499	R-HSA-3656532	2.1593562493649188E-8	https://reactome.org/PathwayBrowser/#/R-HSA-3656532	TGFBR1 KD Mutants in Cancer	IEA	Homo sapiens
BIOMD0000000499	R-HSA-3304356	2.1593562493649188E-8	https://reactome.org/PathwayBrowser/#/R-HSA-3304356	SMAD2/3 Phosphorylation Motif Mutants in Cancer	IEA	Homo sapiens
BIOMD0000000499	R-HSA-2173788	1.0013514453177663E-6	https://reactome.org/PathwayBrowser/#/R-HSA-2173788	Downregulation of TGF-beta receptor signaling	IEA	Homo sapiens
BIOMD0000000499	R-HSA-3311021	3.595071659812099E-6	https://reactome.org/PathwayBrowser/#/R-HSA-3311021	SMAD4 MH2 Domain Mutants in Cancer	IEA	Homo sapiens
BIOMD0000000499	R-HSA-3315487	3.595071659812099E-6	https://reactome.org/PathwayBrowser/#/R-HSA-3315487	SMAD2/3 MH2 Domain Mutants in Cancer	IEA	Homo sapiens
BIOMD0000000499	R-HSA-3656535	5.112076485236372E-6	https://reactome.org/PathwayBrowser/#/R-HSA-3656535	TGFBR1 LBD Mutants in Cancer	IEA	Homo sapiens
BIOMD0000000499	R-HSA-3645790	3.595071659812099E-6	https://reactome.org/PathwayBrowser/#/R-HSA-3645790	TGFBR2 Kinase Domain Mutants in Cancer	IEA	Homo sapiens
BIOMD0000000499	R-HSA-8941855	1.5647336176538573E-5	https://reactome.org/PathwayBrowser/#/R-HSA-8941855	RUNX3 regulates CDKN1A transcription	IEA	Homo sapiens
BIOMD0000000499	R-HSA-2173791	6.121337053177633E-5	https://reactome.org/PathwayBrowser/#/R-HSA-2173791	TGF-beta receptor signaling in EMT (epithelial to mesenchymal transition)	IEA	Homo sapiens
BIOMD0000000499	R-HSA-2173795	9.168868497200222E-5	https://reactome.org/PathwayBrowser/#/R-HSA-2173795	Downregulation of SMAD2/3:SMAD4 transcriptional activity	IEA	Homo sapiens
BIOMD0000000499	R-HSA-2173796	1.6276880929022575E-4	https://reactome.org/PathwayBrowser/#/R-HSA-2173796	SMAD2/SMAD3:SMAD4 heterotrimer regulates transcription	IEA	Homo sapiens
BIOMD0000000499	R-HSA-3642279	9.919376754333742E-4	https://reactome.org/PathwayBrowser/#/R-HSA-3642279	TGFBR2 MSI Frameshift Mutants in Cancer	IEA	Homo sapiens
BIOMD0000000499	R-HSA-8952158	0.0022331389026378767	https://reactome.org/PathwayBrowser/#/R-HSA-8952158	RUNX3 regulates BCL2L11 (BIM) transcription	IEA	Homo sapiens
BIOMD0000000070	R-HSA-71336	1.5210055437364645E-11	https://reactome.org/PathwayBrowser/#/R-HSA-71336	Pentose phosphate pathway	IEA	Homo sapiens
BIOMD0000000070	R-HSA-70263	1.2428991169599612E-10	https://reactome.org/PathwayBrowser/#/R-HSA-70263	Gluconeogenesis	IEA	Homo sapiens
BIOMD0000000070	R-HSA-163754	1.9432239117822547E-6	https://reactome.org/PathwayBrowser/#/R-HSA-163754	Insulin effects increased synthesis of Xylulose-5-Phosphate	IEA	Homo sapiens
BIOMD0000000070	R-HSA-70350	2.4859967204804434E-5	https://reactome.org/PathwayBrowser/#/R-HSA-70350	Fructose catabolism	IEA	Homo sapiens
BIOMD0000000070	R-HSA-70268	8.368950796283636E-4	https://reactome.org/PathwayBrowser/#/R-HSA-70268	Pyruvate metabolism	IEA	Homo sapiens
BIOMD0000000070	R-HSA-5609974	9.161542385783816E-4	https://reactome.org/PathwayBrowser/#/R-HSA-5609974	Defective PGM1 causes PGM1-CDG (CDG1t)	IEA	Homo sapiens
BIOMD0000000070	R-HSA-6791055	9.161542385783816E-4	https://reactome.org/PathwayBrowser/#/R-HSA-6791055	TALDO1 deficiency: failed conversion of SH7P, GA3P to Fru(6)P, E4P	IEA	Homo sapiens
BIOMD0000000070	R-HSA-2142770	9.454538007594993E-4	https://reactome.org/PathwayBrowser/#/R-HSA-2142770	Synthesis of 15-eicosatetraenoic acid derivatives	IEA	Homo sapiens
BIOMD0000000070	R-HSA-2408550	9.454538007594993E-4	https://reactome.org/PathwayBrowser/#/R-HSA-2408550	Metabolism of ingested H2SeO4 and H2SeO3 into H2Se	IEA	Homo sapiens
BIOMD0000000070	R-HSA-977347	0.001233142924786712	https://reactome.org/PathwayBrowser/#/R-HSA-977347	Serine biosynthesis	IEA	Homo sapiens
BIOMD0000000070	R-HSA-204174	0.0019107841149708094	https://reactome.org/PathwayBrowser/#/R-HSA-204174	Regulation of pyruvate dehydrogenase (PDH) complex	IEA	Homo sapiens
BIOMD0000000557	R-HSA-112409	2.097521852106876E-5	https://reactome.org/PathwayBrowser/#/R-HSA-112409	RAF-independent MAPK1/3 activation	IEA	Homo sapiens
BIOMD0000000557	R-HSA-5674499	3.421241177525847E-5	https://reactome.org/PathwayBrowser/#/R-HSA-5674499	Negative feedback regulation of MAPK pathway	IEA	Homo sapiens
BIOMD0000000557	R-HSA-110056	4.826462822571376E-5	https://reactome.org/PathwayBrowser/#/R-HSA-110056	MAPK3 (ERK1) activation	IEA	Homo sapiens
BIOMD0000000557	R-HSA-202670	5.390944863004066E-5	https://reactome.org/PathwayBrowser/#/R-HSA-202670	ERKs are inactivated	IEA	Homo sapiens
BIOMD0000000557	R-HSA-198753	1.1560732550330854E-4	https://reactome.org/PathwayBrowser/#/R-HSA-198753	ERK/MAPK targets	IEA	Homo sapiens
BIOMD0000000557	R-HSA-6802948	2.1741314371714893E-4	https://reactome.org/PathwayBrowser/#/R-HSA-6802948	Signaling by high-kinase activity BRAF mutants	IEA	Homo sapiens
BIOMD0000000557	R-HSA-6802946	3.50187015183856E-4	https://reactome.org/PathwayBrowser/#/R-HSA-6802946	Signaling by moderate kinase activity BRAF mutants	IEA	Homo sapiens
BIOMD0000000557	R-HSA-9649948	3.50187015183856E-4	https://reactome.org/PathwayBrowser/#/R-HSA-9649948	Signaling downstream of RAS mutants	IEA	Homo sapiens
BIOMD0000000557	R-HSA-6802955	3.50187015183856E-4	https://reactome.org/PathwayBrowser/#/R-HSA-6802955	Paradoxical activation of RAF signaling by kinase inactive BRAF	IEA	Homo sapiens
BIOMD0000000557	R-HSA-5674135	2.667711695925057E-4	https://reactome.org/PathwayBrowser/#/R-HSA-5674135	MAP2K and MAPK activation	IEA	Homo sapiens
BIOMD0000000557	R-HSA-6802952	6.881973376187123E-4	https://reactome.org/PathwayBrowser/#/R-HSA-6802952	Signaling by BRAF and RAF fusions	IEA	Homo sapiens
BIOMD0000000195	R-SCE-69202	7.432054971445723E-12	https://reactome.org/PathwayBrowser/#/R-SCE-69202	Cyclin E associated events during G1/S transition 	IEA	Saccharomyces cerevisiae
BIOMD0000000195	R-SCE-69656	1.3987824376560098E-6	https://reactome.org/PathwayBrowser/#/R-SCE-69656	Cyclin A:Cdk2-associated events at S phase entry	IEA	Saccharomyces cerevisiae
BIOMD0000000155	R-HSA-6804760	1.5027470095363427E-4	https://reactome.org/PathwayBrowser/#/R-HSA-6804760	Regulation of TP53 Activity through Methylation	IEA	Homo sapiens
BIOMD0000000155	R-HSA-6804757	2.079146407727439E-4	https://reactome.org/PathwayBrowser/#/R-HSA-6804757	Regulation of TP53 Degradation	IEA	Homo sapiens
BIOMD0000000155	R-HSA-69541	3.69611817666593E-4	https://reactome.org/PathwayBrowser/#/R-HSA-69541	Stabilization of p53	IEA	Homo sapiens
BIOMD0000000155	R-HSA-69563	3.69611817666593E-4	https://reactome.org/PathwayBrowser/#/R-HSA-69563	p53-Dependent G1 DNA Damage Response	IEA	Homo sapiens
BIOMD0000000155	R-HSA-6804756	5.156660376580691E-4	https://reactome.org/PathwayBrowser/#/R-HSA-6804756	Regulation of TP53 Activity through Phosphorylation	IEA	Homo sapiens
BIOMD0000000155	R-HSA-6804754	0.0017879492079508896	https://reactome.org/PathwayBrowser/#/R-HSA-6804754	Regulation of TP53 Expression	IEA	Homo sapiens
BIOMD0000000155	R-HSA-69895	0.0023794160429035927	https://reactome.org/PathwayBrowser/#/R-HSA-69895	Transcriptional  activation of  cell cycle inhibitor p21 	IEA	Homo sapiens
BIOMD0000000155	R-HSA-6803211	0.004289159698643186	https://reactome.org/PathwayBrowser/#/R-HSA-6803211	TP53 Regulates Transcription of Death Receptors and Ligands	IEA	Homo sapiens
BIOMD0000000155	R-HSA-6803207	0.004289159698643186	https://reactome.org/PathwayBrowser/#/R-HSA-6803207	TP53 Regulates Transcription of Caspase Activators and Caspases	IEA	Homo sapiens
BIOMD0000000303	R-HSA-166663	5.998090912839871E-12	https://reactome.org/PathwayBrowser/#/R-HSA-166663	Initial triggering of complement	IEA	Homo sapiens
BIOMD0000000303	R-HSA-174577	1.3426493250534577E-10	https://reactome.org/PathwayBrowser/#/R-HSA-174577	Activation of C3 and C5	IEA	Homo sapiens
BIOMD0000000303	R-HSA-977606	1.7103207561319778E-7	https://reactome.org/PathwayBrowser/#/R-HSA-977606	Regulation of Complement cascade	IEA	Homo sapiens
BIOMD0000000303	R-HSA-2855086	1.5888625910343013E-4	https://reactome.org/PathwayBrowser/#/R-HSA-2855086	Ficolins bind to repetitive carbohydrate structures on the target cell surface	IEA	Homo sapiens
BIOMD0000000303	R-HSA-166662	2.1717102228102636E-4	https://reactome.org/PathwayBrowser/#/R-HSA-166662	Lectin pathway of complement activation	IEA	Homo sapiens
BIOMD0000000636	R-MMU-180024	2.7533531010703882E-14	https://reactome.org/PathwayBrowser/#/R-MMU-180024	DARPP-32 events	IEA	Mus musculus
BIOMD0000000636	R-MMU-111885	2.7533531010703882E-14	https://reactome.org/PathwayBrowser/#/R-MMU-111885	Opioid Signalling	IEA	Mus musculus
BIOMD0000000636	R-MMU-163615	1.6079582110251067E-11	https://reactome.org/PathwayBrowser/#/R-MMU-163615	PKA activation	IEA	Mus musculus
BIOMD0000000636	R-MMU-112043	2.4130197839866696E-10	https://reactome.org/PathwayBrowser/#/R-MMU-112043	PLC beta mediated events	IEA	Mus musculus
BIOMD0000000636	R-MMU-111933	2.774803720129171E-10	https://reactome.org/PathwayBrowser/#/R-MMU-111933	Calmodulin induced events	IEA	Mus musculus
BIOMD0000000636	R-MMU-1489509	3.9189163025810103E-10	https://reactome.org/PathwayBrowser/#/R-MMU-1489509	DAG and IP3 signaling	IEA	Mus musculus
BIOMD0000000636	R-MMU-2025928	3.090603106770118E-9	https://reactome.org/PathwayBrowser/#/R-MMU-2025928	Calcineurin activates NFAT	IEA	Mus musculus
BIOMD0000000636	R-MMU-5607763	7.309924998644135E-9	https://reactome.org/PathwayBrowser/#/R-MMU-5607763	CLEC7A (Dectin-1) induces NFAT activation	IEA	Mus musculus
BIOMD0000000636	R-MMU-4086398	8.274887441928058E-9	https://reactome.org/PathwayBrowser/#/R-MMU-4086398	Ca2+ pathway	IEA	Mus musculus
BIOMD0000000636	R-MMU-164378	5.951957704475319E-8	https://reactome.org/PathwayBrowser/#/R-MMU-164378	PKA activation in glucagon signalling	IEA	Mus musculus
BIOMD0000000636	R-MMU-442720	5.951957704475319E-8	https://reactome.org/PathwayBrowser/#/R-MMU-442720	CREB1 phosphorylation through the activation of Adenylate Cyclase	IEA	Mus musculus
BIOMD0000000636	R-MMU-977444	2.88920579194496E-6	https://reactome.org/PathwayBrowser/#/R-MMU-977444	GABA B receptor activation	IEA	Mus musculus
BIOMD0000000636	R-MMU-977443	1.268513026009277E-5	https://reactome.org/PathwayBrowser/#/R-MMU-977443	GABA receptor activation	IEA	Mus musculus
BIOMD0000000636	R-MMU-400042	1.5112105173131773E-5	https://reactome.org/PathwayBrowser/#/R-MMU-400042	Adrenaline,noradrenaline inhibits insulin secretion	IEA	Mus musculus
BIOMD0000000636	R-MMU-111957	2.0320286306940716E-5	https://reactome.org/PathwayBrowser/#/R-MMU-111957	Cam-PDE 1 activation	IEA	Mus musculus
BIOMD0000000636	R-MMU-381676	3.814729138573725E-5	https://reactome.org/PathwayBrowser/#/R-MMU-381676	Glucagon-like Peptide-1 (GLP1) regulates insulin secretion	IEA	Mus musculus
BIOMD0000000636	R-MMU-170660	1.5316186861014103E-4	https://reactome.org/PathwayBrowser/#/R-MMU-170660	Adenylate cyclase activating pathway	IEA	Mus musculus
BIOMD0000000636	R-MMU-170670	1.8144241147055595E-4	https://reactome.org/PathwayBrowser/#/R-MMU-170670	Adenylate cyclase inhibitory pathway	IEA	Mus musculus
BIOMD0000000636	R-MMU-202040	7.173092737823294E-4	https://reactome.org/PathwayBrowser/#/R-MMU-202040	G-protein activation	IEA	Mus musculus
BIOMD0000000636	R-MMU-392170	7.173092737823294E-4	https://reactome.org/PathwayBrowser/#/R-MMU-392170	ADP signalling through P2Y purinoceptor 12	IEA	Mus musculus
BIOMD0000000636	R-MMU-417973	7.484864953271053E-4	https://reactome.org/PathwayBrowser/#/R-MMU-417973	Adenosine P1 receptors	IEA	Mus musculus
BIOMD0000000636	R-MMU-390651	0.00107581007907942	https://reactome.org/PathwayBrowser/#/R-MMU-390651	Dopamine receptors	IEA	Mus musculus
BIOMD0000000636	R-MMU-442729	0.0012527709711607216	https://reactome.org/PathwayBrowser/#/R-MMU-442729	CREB1 phosphorylation through the activation of CaMKII/CaMKK/CaMKIV cascasde	IEA	Mus musculus
BIOMD0000000636	R-MMU-111932	0.0012527709711607216	https://reactome.org/PathwayBrowser/#/R-MMU-111932	CaMK IV-mediated phosphorylation of CREB	IEA	Mus musculus
BIOMD0000000636	R-MMU-9619229	0.0012527709711607216	https://reactome.org/PathwayBrowser/#/R-MMU-9619229	Activation of RAC1 downstream of NMDARs	IEA	Mus musculus
BIOMD0000000636	R-MMU-418597	0.0013263411439605743	https://reactome.org/PathwayBrowser/#/R-MMU-418597	G alpha (z) signalling events	IEA	Mus musculus
BIOMD0000000636	R-MMU-6814122	0.001788075025183078	https://reactome.org/PathwayBrowser/#/R-MMU-6814122	Cooperation of PDCL (PhLP1) and TRiC/CCT in G-protein beta folding	IEA	Mus musculus
BIOMD0000000636	R-MMU-451308	0.0035605706408980975	https://reactome.org/PathwayBrowser/#/R-MMU-451308	Activation of Ca-permeable Kainate Receptor	IEA	Mus musculus
BIOMD0000000636	R-MMU-5578775	0.003778209280500544	https://reactome.org/PathwayBrowser/#/R-MMU-5578775	Ion homeostasis	IEA	Mus musculus
BIOMD0000000636	R-MMU-425561	0.003778209280500544	https://reactome.org/PathwayBrowser/#/R-MMU-425561	Sodium/Calcium exchangers	IEA	Mus musculus
BIOMD0000000636	R-MMU-418359	0.003778209280500544	https://reactome.org/PathwayBrowser/#/R-MMU-418359	Reduction of cytosolic Ca++ levels	IEA	Mus musculus
BIOMD0000000327	R-HSA-425381	1.5724981781151115E-6	https://reactome.org/PathwayBrowser/#/R-HSA-425381	Bicarbonate transporters	IEA	Homo sapiens
BIOMD0000000327	R-HSA-5619050	1.1965078837716803E-5	https://reactome.org/PathwayBrowser/#/R-HSA-5619050	Defective SLC4A1 causes hereditary spherocytosis type 4 (HSP4),  distal renal tubular acidosis (dRTA) and dRTA with hemolytic anemia (dRTA-HA)	IEA	Homo sapiens
BIOMD0000000327	R-HSA-5619085	1.1965078837716803E-5	https://reactome.org/PathwayBrowser/#/R-HSA-5619085	Defective SLC26A3 causes congenital secretory chloride diarrhea 1 (DIAR1)	IEA	Homo sapiens
BIOMD0000000327	R-HSA-5619054	1.1965078837716803E-5	https://reactome.org/PathwayBrowser/#/R-HSA-5619054	Defective SLC4A4 causes renal tubular acidosis, proximal, with ocular abnormalities and mental retardation (pRTA-OA)	IEA	Homo sapiens
BIOMD0000000327	R-HSA-5619087	1.1965078837716803E-5	https://reactome.org/PathwayBrowser/#/R-HSA-5619087	Defective SLC12A3 causes Gitelman syndrome (GS)	IEA	Homo sapiens
BIOMD0000000327	R-HSA-5658471	1.2603416447376503E-5	https://reactome.org/PathwayBrowser/#/R-HSA-5658471	Defective SLC5A7 causes distal hereditary motor neuronopathy 7A (HMN7A)	IEA	Homo sapiens
BIOMD0000000327	R-HSA-5619089	1.2603416447376503E-5	https://reactome.org/PathwayBrowser/#/R-HSA-5619089	Defective SLC6A5 causes hyperekplexia 3 (HKPX3)	IEA	Homo sapiens
BIOMD0000000327	R-HSA-5619114	1.2603416447376503E-5	https://reactome.org/PathwayBrowser/#/R-HSA-5619114	Defective SLC5A7 causes distal hereditary motor neuronopathy 7A (HMN7A)	IEA	Homo sapiens
BIOMD0000000327	R-HSA-5619104	1.2603416447376503E-5	https://reactome.org/PathwayBrowser/#/R-HSA-5619104	Defective SLC12A1 causes Bartter syndrome 1 (BS1)	IEA	Homo sapiens
BIOMD0000000327	R-HSA-451307	1.845944405665101E-5	https://reactome.org/PathwayBrowser/#/R-HSA-451307	Activation of Na-permeable kainate receptors	IEA	Homo sapiens
BIOMD0000000327	R-HSA-426117	5.902876601648899E-5	https://reactome.org/PathwayBrowser/#/R-HSA-426117	Cation-coupled Chloride cotransporters	IEA	Homo sapiens
BIOMD0000000327	R-HSA-888593	5.902876601648899E-5	https://reactome.org/PathwayBrowser/#/R-HSA-888593	Reuptake of GABA	IEA	Homo sapiens
BIOMD0000000327	R-HSA-2672351	6.488911888002935E-5	https://reactome.org/PathwayBrowser/#/R-HSA-2672351	Stimuli-sensing channels	IEA	Homo sapiens
BIOMD0000000327	R-HSA-5619094	1.1323977382793338E-4	https://reactome.org/PathwayBrowser/#/R-HSA-5619094	Variant SLC6A14 may confer susceptibility towards obesity	IEA	Homo sapiens
BIOMD0000000327	R-HSA-442660	6.114365784648523E-4	https://reactome.org/PathwayBrowser/#/R-HSA-442660	Na+/Cl- dependent neurotransmitter transporters	IEA	Homo sapiens
BIOMD0000000327	R-HSA-5660686	0.0031570082791653187	https://reactome.org/PathwayBrowser/#/R-HSA-5660686	Variant SLC6A20 contributes towards hyperglycinuria (HG) and iminoglycinuria (IG)	IEA	Homo sapiens
BIOMD0000000327	R-HSA-5619101	0.0031570082791653187	https://reactome.org/PathwayBrowser/#/R-HSA-5619101	Variant SLC6A20 contributes towards hyperglycinuria (HG) and iminoglycinuria (IG)	IEA	Homo sapiens
BIOMD0000000327	R-HSA-5656364	0.0031570082791653187	https://reactome.org/PathwayBrowser/#/R-HSA-5656364	Defective SLC5A1 causes congenital glucose/galactose malabsorption (GGM)	IEA	Homo sapiens
BIOMD0000000327	R-HSA-5619039	0.0031570082791653187	https://reactome.org/PathwayBrowser/#/R-HSA-5619039	Defective SLC12A6 causes agenesis of the corpus callosum, with peripheral neuropathy (ACCPN)	IEA	Homo sapiens
BIOMD0000000327	R-HSA-5619111	0.0031570082791653187	https://reactome.org/PathwayBrowser/#/R-HSA-5619111	Defective SLC20A2 causes idiopathic basal ganglia calcification 1 (IBGC1)	IEA	Homo sapiens
BIOMD0000000327	R-HSA-5619045	0.0031570082791653187	https://reactome.org/PathwayBrowser/#/R-HSA-5619045	Defective SLC34A2 causes pulmonary alveolar microlithiasis (PALM)	IEA	Homo sapiens
BIOMD0000000327	R-HSA-5619092	0.0031570082791653187	https://reactome.org/PathwayBrowser/#/R-HSA-5619092	Defective SLC9A6 causes  X-linked, syndromic mental retardation,, Christianson type (MRXSCH)	IEA	Homo sapiens
BIOMD0000000327	R-HSA-5619081	0.0031570082791653187	https://reactome.org/PathwayBrowser/#/R-HSA-5619081	Defective SLC6A3 causes Parkinsonism-dystonia infantile (PKDYS)	IEA	Homo sapiens
BIOMD0000000327	R-HSA-5619053	0.0031570082791653187	https://reactome.org/PathwayBrowser/#/R-HSA-5619053	Defective SLC22A5 causes systemic primary carnitine deficiency (CDSP)	IEA	Homo sapiens
BIOMD0000000327	R-HSA-5687583	0.0031570082791653187	https://reactome.org/PathwayBrowser/#/R-HSA-5687583	Defective SLC34A2 causes pulmonary alveolar microlithiasis (PALM)	IEA	Homo sapiens
BIOMD0000000327	R-HSA-5658208	0.0031570082791653187	https://reactome.org/PathwayBrowser/#/R-HSA-5658208	Defective SLC5A2 causes renal glucosuria (GLYS1)	IEA	Homo sapiens
BIOMD0000000327	R-HSA-5619096	0.0031570082791653187	https://reactome.org/PathwayBrowser/#/R-HSA-5619096	Defective SLC5A5 causes thyroid dyshormonogenesis 1 (TDH1)	IEA	Homo sapiens
BIOMD0000000327	R-HSA-5619109	0.0031570082791653187	https://reactome.org/PathwayBrowser/#/R-HSA-5619109	Defective SLC6A2 causes orthostatic intolerance (OI)	IEA	Homo sapiens
BIOMD0000000327	R-HSA-5619040	0.0031570082791653187	https://reactome.org/PathwayBrowser/#/R-HSA-5619040	Defective SLC34A1 causes hypophosphatemic nephrolithiasis/osteoporosis 1 (NPHLOP1)	IEA	Homo sapiens
BIOMD0000000327	R-HSA-5660724	0.0031570082791653187	https://reactome.org/PathwayBrowser/#/R-HSA-5660724	Defective SLC6A3 causes Parkinsonism-dystonia infantile (PKDYS)	IEA	Homo sapiens
BIOMD0000000327	R-HSA-5619097	0.0031570082791653187	https://reactome.org/PathwayBrowser/#/R-HSA-5619097	Defective SLC34A3 causes Hereditary hypophosphatemic rickets with hypercalciuria (HHRH)	IEA	Homo sapiens
BIOMD0000000327	R-HSA-5619052	0.0031570082791653187	https://reactome.org/PathwayBrowser/#/R-HSA-5619052	Defective SLC9A9 causes autism 16 (AUTS16)	IEA	Homo sapiens
BIOMD0000000327	R-HSA-5619055	0.0035068023349373867	https://reactome.org/PathwayBrowser/#/R-HSA-5619055	Defective SLC24A4 causes hypomineralized amelogenesis imperfecta (AI)	IEA	Homo sapiens
BIOMD0000000327	R-HSA-5619036	0.0035068023349373867	https://reactome.org/PathwayBrowser/#/R-HSA-5619036	Defective SLC24A5 causes oculocutaneous albinism 6 (OCA6)	IEA	Homo sapiens
BIOMD0000000327	R-HSA-5619077	0.0035068023349373867	https://reactome.org/PathwayBrowser/#/R-HSA-5619077	Defective SLC24A1 causes congenital stationary night blindness 1D (CSNB1D)	IEA	Homo sapiens
BIOMD0000000327	R-HSA-5660862	0.0035068023349373867	https://reactome.org/PathwayBrowser/#/R-HSA-5660862	Defective SLC7A7 causes lysinuric protein intolerance (LPI)	IEA	Homo sapiens
BIOMD0000000327	R-HSA-427589	0.0042075721411805045	https://reactome.org/PathwayBrowser/#/R-HSA-427589	Type II Na+/Pi cotransporters	IEA	Homo sapiens
BIOMD0000000327	R-HSA-5619067	0.004908145157250576	https://reactome.org/PathwayBrowser/#/R-HSA-5619067	Defective SLC1A1 is implicated in schizophrenia 18 (SCZD18) and dicarboxylic aminoaciduria (DCBXA)	IEA	Homo sapiens
BIOMD0000000327	R-HSA-5619062	0.004908145157250576	https://reactome.org/PathwayBrowser/#/R-HSA-5619062	Defective SLC1A3 causes episodic ataxia 6 (EA6)	IEA	Homo sapiens
BIOMD0000000327	R-HSA-429593	0.004908145157250576	https://reactome.org/PathwayBrowser/#/R-HSA-429593	Inositol transporters	IEA	Homo sapiens
BIOMD0000000481	R-BTA-209822	1.5540967253091509E-6	https://reactome.org/PathwayBrowser/#/R-BTA-209822	Glycoprotein hormones	IEA	Bos Taurus
BIOMD0000000481	R-BTA-375281	5.377547438414343E-4	https://reactome.org/PathwayBrowser/#/R-BTA-375281	Hormone ligand-binding receptors	IEA	Bos Taurus
BIOMD0000000054	R-HSA-5619045	0.0028069189690538288	https://reactome.org/PathwayBrowser/#/R-HSA-5619045	Defective SLC34A2 causes pulmonary alveolar microlithiasis (PALM)	IEA	Homo sapiens
BIOMD0000000054	R-HSA-5619087	0.0028069189690538288	https://reactome.org/PathwayBrowser/#/R-HSA-5619087	Defective SLC12A3 causes Gitelman syndrome (GS)	IEA	Homo sapiens
BIOMD0000000054	R-HSA-5619052	0.0028069189690538288	https://reactome.org/PathwayBrowser/#/R-HSA-5619052	Defective SLC9A9 causes autism 16 (AUTS16)	IEA	Homo sapiens
BIOMD0000000054	R-HSA-5687583	0.0028069189690538288	https://reactome.org/PathwayBrowser/#/R-HSA-5687583	Defective SLC34A2 causes pulmonary alveolar microlithiasis (PALM)	IEA	Homo sapiens
BIOMD0000000054	R-HSA-5619109	0.0028069189690538288	https://reactome.org/PathwayBrowser/#/R-HSA-5619109	Defective SLC6A2 causes orthostatic intolerance (OI)	IEA	Homo sapiens
BIOMD0000000054	R-HSA-5619097	0.0028069189690538288	https://reactome.org/PathwayBrowser/#/R-HSA-5619097	Defective SLC34A3 causes Hereditary hypophosphatemic rickets with hypercalciuria (HHRH)	IEA	Homo sapiens
BIOMD0000000054	R-HSA-5619101	0.0028069189690538288	https://reactome.org/PathwayBrowser/#/R-HSA-5619101	Variant SLC6A20 contributes towards hyperglycinuria (HG) and iminoglycinuria (IG)	IEA	Homo sapiens
BIOMD0000000054	R-HSA-5619111	0.0028069189690538288	https://reactome.org/PathwayBrowser/#/R-HSA-5619111	Defective SLC20A2 causes idiopathic basal ganglia calcification 1 (IBGC1)	IEA	Homo sapiens
BIOMD0000000054	R-HSA-5619054	0.0028069189690538288	https://reactome.org/PathwayBrowser/#/R-HSA-5619054	Defective SLC4A4 causes renal tubular acidosis, proximal, with ocular abnormalities and mental retardation (pRTA-OA)	IEA	Homo sapiens
BIOMD0000000054	R-HSA-5619092	0.0028069189690538288	https://reactome.org/PathwayBrowser/#/R-HSA-5619092	Defective SLC9A6 causes  X-linked, syndromic mental retardation,, Christianson type (MRXSCH)	IEA	Homo sapiens
BIOMD0000000054	R-HSA-5656364	0.0028069189690538288	https://reactome.org/PathwayBrowser/#/R-HSA-5656364	Defective SLC5A1 causes congenital glucose/galactose malabsorption (GGM)	IEA	Homo sapiens
BIOMD0000000054	R-HSA-5619053	0.0028069189690538288	https://reactome.org/PathwayBrowser/#/R-HSA-5619053	Defective SLC22A5 causes systemic primary carnitine deficiency (CDSP)	IEA	Homo sapiens
BIOMD0000000054	R-HSA-5658208	0.0028069189690538288	https://reactome.org/PathwayBrowser/#/R-HSA-5658208	Defective SLC5A2 causes renal glucosuria (GLYS1)	IEA	Homo sapiens
BIOMD0000000054	R-HSA-5660686	0.0028069189690538288	https://reactome.org/PathwayBrowser/#/R-HSA-5660686	Variant SLC6A20 contributes towards hyperglycinuria (HG) and iminoglycinuria (IG)	IEA	Homo sapiens
BIOMD0000000054	R-HSA-5619096	0.0028069189690538288	https://reactome.org/PathwayBrowser/#/R-HSA-5619096	Defective SLC5A5 causes thyroid dyshormonogenesis 1 (TDH1)	IEA	Homo sapiens
BIOMD0000000054	R-HSA-5619081	0.0028069189690538288	https://reactome.org/PathwayBrowser/#/R-HSA-5619081	Defective SLC6A3 causes Parkinsonism-dystonia infantile (PKDYS)	IEA	Homo sapiens
BIOMD0000000054	R-HSA-5660724	0.0028069189690538288	https://reactome.org/PathwayBrowser/#/R-HSA-5660724	Defective SLC6A3 causes Parkinsonism-dystonia infantile (PKDYS)	IEA	Homo sapiens
BIOMD0000000054	R-HSA-5619040	0.0028069189690538288	https://reactome.org/PathwayBrowser/#/R-HSA-5619040	Defective SLC34A1 causes hypophosphatemic nephrolithiasis/osteoporosis 1 (NPHLOP1)	IEA	Homo sapiens
BIOMD0000000054	R-HSA-5658471	0.0028069189690538288	https://reactome.org/PathwayBrowser/#/R-HSA-5658471	Defective SLC5A7 causes distal hereditary motor neuronopathy 7A (HMN7A)	IEA	Homo sapiens
BIOMD0000000054	R-HSA-5619089	0.0028069189690538288	https://reactome.org/PathwayBrowser/#/R-HSA-5619089	Defective SLC6A5 causes hyperekplexia 3 (HKPX3)	IEA	Homo sapiens
BIOMD0000000054	R-HSA-5619077	0.0028069189690538288	https://reactome.org/PathwayBrowser/#/R-HSA-5619077	Defective SLC24A1 causes congenital stationary night blindness 1D (CSNB1D)	IEA	Homo sapiens
BIOMD0000000054	R-HSA-5619104	0.0028069189690538288	https://reactome.org/PathwayBrowser/#/R-HSA-5619104	Defective SLC12A1 causes Bartter syndrome 1 (BS1)	IEA	Homo sapiens
BIOMD0000000054	R-HSA-5619055	0.0028069189690538288	https://reactome.org/PathwayBrowser/#/R-HSA-5619055	Defective SLC24A4 causes hypomineralized amelogenesis imperfecta (AI)	IEA	Homo sapiens
BIOMD0000000054	R-HSA-5619036	0.0028069189690538288	https://reactome.org/PathwayBrowser/#/R-HSA-5619036	Defective SLC24A5 causes oculocutaneous albinism 6 (OCA6)	IEA	Homo sapiens
BIOMD0000000054	R-HSA-5619114	0.0028069189690538288	https://reactome.org/PathwayBrowser/#/R-HSA-5619114	Defective SLC5A7 causes distal hereditary motor neuronopathy 7A (HMN7A)	IEA	Homo sapiens
BIOMD0000000054	R-HSA-5660862	0.0028069189690538288	https://reactome.org/PathwayBrowser/#/R-HSA-5660862	Defective SLC7A7 causes lysinuric protein intolerance (LPI)	IEA	Homo sapiens
BIOMD0000000054	R-HSA-427589	0.0033679480926780414	https://reactome.org/PathwayBrowser/#/R-HSA-427589	Type II Na+/Pi cotransporters	IEA	Homo sapiens
BIOMD0000000054	R-HSA-5619062	0.0033679480926780414	https://reactome.org/PathwayBrowser/#/R-HSA-5619062	Defective SLC1A3 causes episodic ataxia 6 (EA6)	IEA	Homo sapiens
BIOMD0000000054	R-HSA-5619067	0.0033679480926780414	https://reactome.org/PathwayBrowser/#/R-HSA-5619067	Defective SLC1A1 is implicated in schizophrenia 18 (SCZD18) and dicarboxylic aminoaciduria (DCBXA)	IEA	Homo sapiens
BIOMD0000000054	R-HSA-429593	0.0033679480926780414	https://reactome.org/PathwayBrowser/#/R-HSA-429593	Inositol transporters	IEA	Homo sapiens
BIOMD0000000054	R-HSA-427652	0.0033679480926780414	https://reactome.org/PathwayBrowser/#/R-HSA-427652	Sodium-coupled phosphate cotransporters	IEA	Homo sapiens
BIOMD0000000054	R-HSA-433137	0.0037888086029435053	https://reactome.org/PathwayBrowser/#/R-HSA-433137	Sodium-coupled sulphate, di- and tri-carboxylate transporters	IEA	Homo sapiens
BIOMD0000000054	R-HSA-888593	0.003926514228895006	https://reactome.org/PathwayBrowser/#/R-HSA-888593	Reuptake of GABA	IEA	Homo sapiens
BIOMD0000000054	R-HSA-426117	0.003926514228895006	https://reactome.org/PathwayBrowser/#/R-HSA-426117	Cation-coupled Chloride cotransporters	IEA	Homo sapiens
BIOMD0000000054	R-HSA-425986	0.003926514228895006	https://reactome.org/PathwayBrowser/#/R-HSA-425986	Sodium/Proton exchangers	IEA	Homo sapiens
BIOMD0000000054	R-HSA-5619044	0.003926514228895006	https://reactome.org/PathwayBrowser/#/R-HSA-5619044	Defective SLC6A19 causes Hartnup disorder (HND)	IEA	Homo sapiens
BIOMD0000000054	R-HSA-5659735	0.003926514228895006	https://reactome.org/PathwayBrowser/#/R-HSA-5659735	Defective SLC6A19 causes Hartnup disorder (HND)	IEA	Homo sapiens
BIOMD0000000054	R-HSA-425381	0.003926514228895006	https://reactome.org/PathwayBrowser/#/R-HSA-425381	Bicarbonate transporters	IEA	Homo sapiens
BIOMD0000000054	R-HSA-425561	0.003926514228895006	https://reactome.org/PathwayBrowser/#/R-HSA-425561	Sodium/Calcium exchangers	IEA	Homo sapiens
BIOMD0000000054	R-HSA-5619094	0.003926514228895006	https://reactome.org/PathwayBrowser/#/R-HSA-5619094	Variant SLC6A14 may confer susceptibility towards obesity	IEA	Homo sapiens
BIOMD0000000524	R-HSA-5218900	2.8421709430404007E-13	https://reactome.org/PathwayBrowser/#/R-HSA-5218900	CASP8 activity is inhibited	IEA	Homo sapiens
BIOMD0000000524	R-HSA-140534	8.79296635503124E-13	https://reactome.org/PathwayBrowser/#/R-HSA-140534	Caspase activation via Death Receptors in the presence of ligand	IEA	Homo sapiens
BIOMD0000000524	R-HSA-5675482	1.042055330913172E-12	https://reactome.org/PathwayBrowser/#/R-HSA-5675482	Regulation of necroptotic cell death	IEA	Homo sapiens
BIOMD0000000524	R-HSA-3371378	7.2442052356791464E-12	https://reactome.org/PathwayBrowser/#/R-HSA-3371378	Regulation by c-FLIP	IEA	Homo sapiens
BIOMD0000000524	R-HSA-69416	7.2442052356791464E-12	https://reactome.org/PathwayBrowser/#/R-HSA-69416	Dimerization of procaspase-8	IEA	Homo sapiens
BIOMD0000000524	R-HSA-75157	1.5768453209830113E-10	https://reactome.org/PathwayBrowser/#/R-HSA-75157	FasL/ CD95L signaling	IEA	Homo sapiens
BIOMD0000000524	R-HSA-75108	4.210430858131442E-5	https://reactome.org/PathwayBrowser/#/R-HSA-75108	Activation, myristolyation of BID and translocation to mitochondria	IEA	Homo sapiens
BIOMD0000000524	R-HSA-9013957	9.462183518327283E-5	https://reactome.org/PathwayBrowser/#/R-HSA-9013957	TLR3-mediated TICAM1-dependent programmed cell death	IEA	Homo sapiens
BIOMD0000000524	R-HSA-2562578	2.1251880393646783E-4	https://reactome.org/PathwayBrowser/#/R-HSA-2562578	TRIF-mediated programmed cell death	IEA	Homo sapiens
BIOMD0000000524	R-HSA-933543	3.017090372892106E-4	https://reactome.org/PathwayBrowser/#/R-HSA-933543	NF-kB activation through FADD/RIP-1 pathway mediated by caspase-8 and -10	IEA	Homo sapiens
BIOMD0000000524	R-HSA-5357786	4.101703269521195E-4	https://reactome.org/PathwayBrowser/#/R-HSA-5357786	TNFR1-induced proapoptotic signaling	IEA	Homo sapiens
BIOMD0000000465	R-HSA-389357	6.127290947954833E-6	https://reactome.org/PathwayBrowser/#/R-HSA-389357	CD28 dependent PI3K/Akt signaling	IEA	Homo sapiens
BIOMD0000000465	R-HSA-5674400	6.127290947954833E-6	https://reactome.org/PathwayBrowser/#/R-HSA-5674400	Constitutive Signaling by AKT1 E17K in Cancer	IEA	Homo sapiens
BIOMD0000000465	R-HSA-354192	6.127290947954833E-6	https://reactome.org/PathwayBrowser/#/R-HSA-354192	Integrin alphaIIb beta3 signaling	IEA	Homo sapiens
BIOMD0000000465	R-HSA-76009	1.381984739945441E-5	https://reactome.org/PathwayBrowser/#/R-HSA-76009	Platelet Aggregation (Plug Formation)	IEA	Homo sapiens
BIOMD0000000465	R-HSA-202424	1.023675599087781E-4	https://reactome.org/PathwayBrowser/#/R-HSA-202424	Downstream TCR signaling	IEA	Homo sapiens
BIOMD0000000465	R-HSA-199418	1.0901593053691538E-4	https://reactome.org/PathwayBrowser/#/R-HSA-199418	Negative regulation of the PI3K/AKT network	IEA	Homo sapiens
BIOMD0000000465	R-HSA-8948751	0.0016017318630654476	https://reactome.org/PathwayBrowser/#/R-HSA-8948751	Regulation of PTEN stability and activity	IEA	Homo sapiens
BIOMD0000000465	R-HSA-5674404	0.004209344372220425	https://reactome.org/PathwayBrowser/#/R-HSA-5674404	PTEN Loss of Function in Cancer	IEA	Homo sapiens
BIOMD0000000243	R-HSA-5603029	1.2301271112846734E-11	https://reactome.org/PathwayBrowser/#/R-HSA-5603029	IkBA variant leads to EDA-ID	IEA	Homo sapiens
BIOMD0000000243	R-HSA-933543	7.265299473147024E-11	https://reactome.org/PathwayBrowser/#/R-HSA-933543	NF-kB activation through FADD/RIP-1 pathway mediated by caspase-8 and -10	IEA	Homo sapiens
BIOMD0000000243	R-HSA-5218900	1.2635315016495952E-10	https://reactome.org/PathwayBrowser/#/R-HSA-5218900	CASP8 activity is inhibited	IEA	Homo sapiens
BIOMD0000000243	R-HSA-1810476	2.0666579558792364E-10	https://reactome.org/PathwayBrowser/#/R-HSA-1810476	RIP-mediated NFkB activation via ZBP1	IEA	Homo sapiens
BIOMD0000000243	R-HSA-140534	3.239808421540147E-10	https://reactome.org/PathwayBrowser/#/R-HSA-140534	Caspase activation via Death Receptors in the presence of ligand	IEA	Homo sapiens
BIOMD0000000243	R-HSA-5675482	4.4478254412894103E-10	https://reactome.org/PathwayBrowser/#/R-HSA-5675482	Regulation of necroptotic cell death	IEA	Homo sapiens
BIOMD0000000243	R-HSA-933542	6.347911085669011E-10	https://reactome.org/PathwayBrowser/#/R-HSA-933542	TRAF6 mediated NF-kB activation	IEA	Homo sapiens
BIOMD0000000243	R-HSA-445989	1.4521397417865956E-9	https://reactome.org/PathwayBrowser/#/R-HSA-445989	TAK1 activates NFkB by phosphorylation and activation of IKKs complex	IEA	Homo sapiens
BIOMD0000000243	R-HSA-69416	3.984814478386056E-9	https://reactome.org/PathwayBrowser/#/R-HSA-69416	Dimerization of procaspase-8	IEA	Homo sapiens
BIOMD0000000243	R-HSA-3371378	3.984814478386056E-9	https://reactome.org/PathwayBrowser/#/R-HSA-3371378	Regulation by c-FLIP	IEA	Homo sapiens
BIOMD0000000243	R-HSA-5684264	1.1852972825465713E-8	https://reactome.org/PathwayBrowser/#/R-HSA-5684264	MAP3K8 (TPL2)-dependent MAPK1/3 activation	IEA	Homo sapiens
BIOMD0000000243	R-HSA-5602636	2.2029678081736392E-8	https://reactome.org/PathwayBrowser/#/R-HSA-5602636	IKBKB deficiency causes SCID	IEA	Homo sapiens
BIOMD0000000243	R-HSA-5603027	2.2029678081736392E-8	https://reactome.org/PathwayBrowser/#/R-HSA-5603027	IKBKG deficiency causes anhidrotic ectodermal dysplasia with immunodeficiency (EDA-ID) (via TLR)	IEA	Homo sapiens
BIOMD0000000243	R-HSA-1169091	3.814649440769813E-8	https://reactome.org/PathwayBrowser/#/R-HSA-1169091	Activation of NF-kappaB in B cells	IEA	Homo sapiens
BIOMD0000000243	R-HSA-75157	7.63894137945087E-8	https://reactome.org/PathwayBrowser/#/R-HSA-75157	FasL/ CD95L signaling	IEA	Homo sapiens
BIOMD0000000243	R-HSA-209560	8.902904256036237E-7	https://reactome.org/PathwayBrowser/#/R-HSA-209560	NF-kB is activated and signals survival	IEA	Homo sapiens
BIOMD0000000243	R-HSA-9013957	2.2357166351794078E-5	https://reactome.org/PathwayBrowser/#/R-HSA-9013957	TLR3-mediated TICAM1-dependent programmed cell death	IEA	Homo sapiens
BIOMD0000000243	R-HSA-5660668	2.2357166351794078E-5	https://reactome.org/PathwayBrowser/#/R-HSA-5660668	CLEC7A/inflammasome pathway	IEA	Homo sapiens
BIOMD0000000243	R-HSA-2562578	5.020478944395279E-5	https://reactome.org/PathwayBrowser/#/R-HSA-2562578	TRIF-mediated programmed cell death	IEA	Homo sapiens
BIOMD0000000243	R-HSA-264870	8.907760580056934E-5	https://reactome.org/PathwayBrowser/#/R-HSA-264870	Caspase-mediated cleavage of cytoskeletal proteins	IEA	Homo sapiens
BIOMD0000000243	R-HSA-5357786	1.210856688143025E-4	https://reactome.org/PathwayBrowser/#/R-HSA-5357786	TNFR1-induced proapoptotic signaling	IEA	Homo sapiens
BIOMD0000000243	R-HSA-111465	8.781582843979674E-4	https://reactome.org/PathwayBrowser/#/R-HSA-111465	Apoptotic cleavage of cellular proteins	IEA	Homo sapiens
BIOMD0000000243	R-HSA-75153	0.0016294037471719092	https://reactome.org/PathwayBrowser/#/R-HSA-75153	Apoptotic execution phase	IEA	Homo sapiens
BIOMD0000000237	R-SCE-5674499	0.0020878479992018084	https://reactome.org/PathwayBrowser/#/R-SCE-5674499	Negative feedback regulation of MAPK pathway	IEA	Saccharomyces cerevisiae
BIOMD0000000237	R-SCE-5674135	0.0020878479992018084	https://reactome.org/PathwayBrowser/#/R-SCE-5674135	MAP2K and MAPK activation	IEA	Saccharomyces cerevisiae
BIOMD0000000237	R-SCE-375165	0.0020878479992018084	https://reactome.org/PathwayBrowser/#/R-SCE-375165	NCAM signaling for neurite out-growth	IEA	Saccharomyces cerevisiae
BIOMD0000000237	R-SCE-2559582	0.0020878479992018084	https://reactome.org/PathwayBrowser/#/R-SCE-2559582	Senescence-Associated Secretory Phenotype (SASP)	IEA	Saccharomyces cerevisiae
BIOMD0000000237	R-SCE-110056	0.0020878479992018084	https://reactome.org/PathwayBrowser/#/R-SCE-110056	MAPK3 (ERK1) activation	IEA	Saccharomyces cerevisiae
BIOMD0000000237	R-SCE-445144	0.0020878479992018084	https://reactome.org/PathwayBrowser/#/R-SCE-445144	Signal transduction by L1	IEA	Saccharomyces cerevisiae
BIOMD0000000237	R-SCE-202670	0.0020878479992018084	https://reactome.org/PathwayBrowser/#/R-SCE-202670	ERKs are inactivated	IEA	Saccharomyces cerevisiae
BIOMD0000000237	R-SCE-112409	0.0020878479992018084	https://reactome.org/PathwayBrowser/#/R-SCE-112409	RAF-independent MAPK1/3 activation	IEA	Saccharomyces cerevisiae
BIOMD0000000237	R-SCE-5673001	0.0020878479992018084	https://reactome.org/PathwayBrowser/#/R-SCE-5673001	RAF/MAP kinase cascade	IEA	Saccharomyces cerevisiae
BIOMD0000000237	R-SCE-5675221	0.0020878479992018084	https://reactome.org/PathwayBrowser/#/R-SCE-5675221	Negative regulation of MAPK pathway	IEA	Saccharomyces cerevisiae
BIOMD0000000237	R-SCE-170968	0.0020878479992018084	https://reactome.org/PathwayBrowser/#/R-SCE-170968	Frs2-mediated activation	IEA	Saccharomyces cerevisiae
BIOMD0000000237	R-SCE-198753	0.0020878479992018084	https://reactome.org/PathwayBrowser/#/R-SCE-198753	ERK/MAPK targets	IEA	Saccharomyces cerevisiae
BIOMD0000000580	R-MMU-165159	1.8207657603852567E-14	https://reactome.org/PathwayBrowser/#/R-MMU-165159	mTOR signalling	IEA	Mus musculus
BIOMD0000000580	R-MMU-380972	1.2737166876775063E-10	https://reactome.org/PathwayBrowser/#/R-MMU-380972	Energy dependent regulation of mTOR by LKB1-AMPK	IEA	Mus musculus
BIOMD0000000580	R-MMU-166208	6.80547694376088E-5	https://reactome.org/PathwayBrowser/#/R-MMU-166208	mTORC1-mediated signalling	IEA	Mus musculus
BIOMD0000000580	R-MMU-74713	3.234763950055175E-4	https://reactome.org/PathwayBrowser/#/R-MMU-74713	IRS activation	IEA	Mus musculus
BIOMD0000000580	R-MMU-198323	8.663682364513647E-4	https://reactome.org/PathwayBrowser/#/R-MMU-198323	AKT phosphorylates targets in the cytosol	IEA	Mus musculus
BIOMD0000000568	R-MMU-69202	1.1412924755482834E-5	https://reactome.org/PathwayBrowser/#/R-MMU-69202	Cyclin E associated events during G1/S transition 	IEA	Mus musculus
BIOMD0000000568	R-MMU-69656	1.1412924755482834E-5	https://reactome.org/PathwayBrowser/#/R-MMU-69656	Cyclin A:Cdk2-associated events at S phase entry	IEA	Mus musculus
BIOMD0000000568	R-MMU-69231	1.312823175796396E-4	https://reactome.org/PathwayBrowser/#/R-MMU-69231	Cyclin D associated events in G1	IEA	Mus musculus
BIOMD0000000568	R-MMU-69200	2.1351283048942626E-4	https://reactome.org/PathwayBrowser/#/R-MMU-69200	Phosphorylation of proteins involved in G1/S transition by active Cyclin E:Cdk2 complexes	IEA	Mus musculus
BIOMD0000000568	R-MMU-68911	2.300932812886458E-4	https://reactome.org/PathwayBrowser/#/R-MMU-68911	G2 Phase	IEA	Mus musculus
BIOMD0000000568	R-MMU-8849470	2.4407759605604706E-4	https://reactome.org/PathwayBrowser/#/R-MMU-8849470	PTK6 Regulates Cell Cycle	IEA	Mus musculus
BIOMD0000000568	R-MMU-9634638	3.8997141872620933E-4	https://reactome.org/PathwayBrowser/#/R-MMU-9634638	Estrogen-dependent nuclear events downstream of ESR-membrane signaling	IEA	Mus musculus
BIOMD0000000568	R-MMU-198323	5.008764192959703E-4	https://reactome.org/PathwayBrowser/#/R-MMU-198323	AKT phosphorylates targets in the cytosol	IEA	Mus musculus
BIOMD0000000568	R-MMU-6804759	6.73628877337018E-4	https://reactome.org/PathwayBrowser/#/R-MMU-6804759	Regulation of TP53 Activity through Association with Co-factors	IEA	Mus musculus
BIOMD0000000568	R-MMU-199418	8.793066358165902E-4	https://reactome.org/PathwayBrowser/#/R-MMU-199418	Negative regulation of the PI3K/AKT network	IEA	Mus musculus
BIOMD0000000056	R-SCE-69017	2.3855317721199754E-10	https://reactome.org/PathwayBrowser/#/R-SCE-69017	CDK-mediated phosphorylation and removal of Cdc6	IEA	Saccharomyces cerevisiae
BIOMD0000000056	R-SCE-69052	2.6491335347600398E-8	https://reactome.org/PathwayBrowser/#/R-SCE-69052	Switching of origins to a post-replicative state	IEA	Saccharomyces cerevisiae
BIOMD0000000056	R-SCE-69656	8.273783179713057E-5	https://reactome.org/PathwayBrowser/#/R-SCE-69656	Cyclin A:Cdk2-associated events at S phase entry	IEA	Saccharomyces cerevisiae
BIOMD0000000056	R-SCE-69202	1.5049496484176306E-4	https://reactome.org/PathwayBrowser/#/R-SCE-69202	Cyclin E associated events during G1/S transition 	IEA	Saccharomyces cerevisiae
BIOMD0000000056	R-SCE-176407	0.0015063152470617958	https://reactome.org/PathwayBrowser/#/R-SCE-176407	Conversion from APC/C:Cdc20 to APC/C:Cdh1 in late anaphase	IEA	Saccharomyces cerevisiae
BIOMD0000000239	R-HSA-70263	6.117328865684613E-14	https://reactome.org/PathwayBrowser/#/R-HSA-70263	Gluconeogenesis	IEA	Homo sapiens
BIOMD0000000239	R-HSA-70171	7.13739067847996E-11	https://reactome.org/PathwayBrowser/#/R-HSA-70171	Glycolysis	IEA	Homo sapiens
BIOMD0000000239	R-HSA-71403	1.2517267222733608E-8	https://reactome.org/PathwayBrowser/#/R-HSA-71403	Citric acid cycle (TCA cycle)	IEA	Homo sapiens
BIOMD0000000239	R-HSA-70268	3.581971609856183E-5	https://reactome.org/PathwayBrowser/#/R-HSA-70268	Pyruvate metabolism	IEA	Homo sapiens
BIOMD0000000220	R-HSA-5675482	9.658940314238862E-15	https://reactome.org/PathwayBrowser/#/R-HSA-5675482	Regulation of necroptotic cell death	IEA	Homo sapiens
BIOMD0000000220	R-HSA-111464	1.8673951274195133E-13	https://reactome.org/PathwayBrowser/#/R-HSA-111464	SMAC(DIABLO)-mediated dissociation of IAP:caspase complexes 	IEA	Homo sapiens
BIOMD0000000220	R-HSA-111463	1.8673951274195133E-13	https://reactome.org/PathwayBrowser/#/R-HSA-111463	SMAC (DIABLO) binds to IAPs 	IEA	Homo sapiens
BIOMD0000000220	R-HSA-111471	1.8673951274195133E-13	https://reactome.org/PathwayBrowser/#/R-HSA-111471	Apoptotic factor-mediated response	IEA	Homo sapiens
BIOMD0000000220	R-HSA-111469	3.752553823233029E-13	https://reactome.org/PathwayBrowser/#/R-HSA-111469	SMAC, XIAP-regulated apoptotic response	IEA	Homo sapiens
BIOMD0000000220	R-HSA-111459	3.320765884495813E-11	https://reactome.org/PathwayBrowser/#/R-HSA-111459	Activation of caspases through apoptosome-mediated cleavage	IEA	Homo sapiens
BIOMD0000000220	R-HSA-9627069	5.358329335791723E-10	https://reactome.org/PathwayBrowser/#/R-HSA-9627069	Regulation of the apoptosome activity	IEA	Homo sapiens
BIOMD0000000220	R-HSA-111458	5.358329335791723E-10	https://reactome.org/PathwayBrowser/#/R-HSA-111458	Formation of apoptosome	IEA	Homo sapiens
BIOMD0000000220	R-HSA-5218900	1.598550403159038E-9	https://reactome.org/PathwayBrowser/#/R-HSA-5218900	CASP8 activity is inhibited	IEA	Homo sapiens
BIOMD0000000220	R-HSA-140534	6.226047899460241E-9	https://reactome.org/PathwayBrowser/#/R-HSA-140534	Caspase activation via Death Receptors in the presence of ligand	IEA	Homo sapiens
BIOMD0000000220	R-HSA-75158	2.947194677194176E-8	https://reactome.org/PathwayBrowser/#/R-HSA-75158	TRAIL  signaling	IEA	Homo sapiens
BIOMD0000000220	R-HSA-5357956	4.6331579461877936E-8	https://reactome.org/PathwayBrowser/#/R-HSA-5357956	TNFR1-induced NFkappaB signaling pathway	IEA	Homo sapiens
BIOMD0000000220	R-HSA-3371378	6.629224369447684E-8	https://reactome.org/PathwayBrowser/#/R-HSA-3371378	Regulation by c-FLIP	IEA	Homo sapiens
BIOMD0000000220	R-HSA-69416	6.629224369447684E-8	https://reactome.org/PathwayBrowser/#/R-HSA-69416	Dimerization of procaspase-8	IEA	Homo sapiens
BIOMD0000000220	R-HSA-937042	5.2889194801508665E-8	https://reactome.org/PathwayBrowser/#/R-HSA-937042	IRAK2 mediated activation of TAK1 complex	IEA	Homo sapiens
BIOMD0000000220	R-HSA-5696394	9.68244255883377E-8	https://reactome.org/PathwayBrowser/#/R-HSA-5696394	DNA Damage Recognition in GG-NER	IEA	Homo sapiens
BIOMD0000000220	R-HSA-5696400	1.2289083473060458E-7	https://reactome.org/PathwayBrowser/#/R-HSA-5696400	Dual Incision in GG-NER	IEA	Homo sapiens
BIOMD0000000220	R-HSA-9014325	6.629224369447684E-8	https://reactome.org/PathwayBrowser/#/R-HSA-9014325	TICAM1,TRAF6-dependent induction of TAK1 complex	IEA	Homo sapiens
BIOMD0000000220	R-HSA-5696395	1.2289083473060458E-7	https://reactome.org/PathwayBrowser/#/R-HSA-5696395	Formation of Incision Complex in GG-NER	IEA	Homo sapiens
BIOMD0000000220	R-HSA-1358803	1.2289083473060458E-7	https://reactome.org/PathwayBrowser/#/R-HSA-1358803	Downregulation of ERBB2:ERBB3 signaling	IEA	Homo sapiens
BIOMD0000000220	R-HSA-174490	1.2289083473060458E-7	https://reactome.org/PathwayBrowser/#/R-HSA-174490	Membrane binding and targetting of GAG proteins	IEA	Homo sapiens
BIOMD0000000220	R-HSA-975163	1.2289083473060458E-7	https://reactome.org/PathwayBrowser/#/R-HSA-975163	IRAK2 mediated activation of TAK1 complex upon TLR7/8 or 9 stimulation	IEA	Homo sapiens
BIOMD0000000220	R-HSA-174495	1.2289083473060458E-7	https://reactome.org/PathwayBrowser/#/R-HSA-174495	Synthesis And Processing Of GAG, GAGPOL Polyproteins	IEA	Homo sapiens
BIOMD0000000220	R-HSA-937072	1.2289083473060458E-7	https://reactome.org/PathwayBrowser/#/R-HSA-937072	TRAF6-mediated induction of TAK1 complex within TLR4 complex	IEA	Homo sapiens
BIOMD0000000220	R-HSA-110312	1.2289083473060458E-7	https://reactome.org/PathwayBrowser/#/R-HSA-110312	Translesion synthesis by REV1	IEA	Homo sapiens
BIOMD0000000220	R-HSA-5656121	1.5642529382908776E-7	https://reactome.org/PathwayBrowser/#/R-HSA-5656121	Translesion synthesis by POLI	IEA	Homo sapiens
BIOMD0000000220	R-HSA-5655862	1.5642529382908776E-7	https://reactome.org/PathwayBrowser/#/R-HSA-5655862	Translesion synthesis by POLK	IEA	Homo sapiens
BIOMD0000000220	R-HSA-174048	3.542860828043004E-7	https://reactome.org/PathwayBrowser/#/R-HSA-174048	APC/C:Cdc20 mediated degradation of Cyclin B	IEA	Homo sapiens
BIOMD0000000220	R-HSA-110320	2.434832657716157E-7	https://reactome.org/PathwayBrowser/#/R-HSA-110320	Translesion Synthesis by POLH	IEA	Homo sapiens
BIOMD0000000220	R-HSA-179409	4.347063309317889E-7	https://reactome.org/PathwayBrowser/#/R-HSA-179409	APC-Cdc20 mediated degradation of Nek2A	IEA	Homo sapiens
BIOMD0000000220	R-HSA-111457	3.542860828043004E-7	https://reactome.org/PathwayBrowser/#/R-HSA-111457	Release of apoptotic factors from the mitochondria	IEA	Homo sapiens
BIOMD0000000220	R-HSA-5696397	4.347063309317889E-7	https://reactome.org/PathwayBrowser/#/R-HSA-5696397	Gap-filling DNA repair synthesis and ligation in GG-NER	IEA	Homo sapiens
BIOMD0000000220	R-HSA-5689901	1.0202632139133527E-6	https://reactome.org/PathwayBrowser/#/R-HSA-5689901	Metalloprotease DUBs	IEA	Homo sapiens
BIOMD0000000220	R-HSA-8866652	8.959399772079379E-7	https://reactome.org/PathwayBrowser/#/R-HSA-8866652	Synthesis of active ubiquitin: roles of E1 and E2 enzymes	IEA	Homo sapiens
BIOMD0000000220	R-HSA-9615710	1.0998475070689295E-6	https://reactome.org/PathwayBrowser/#/R-HSA-9615710	Microautophagy	IEA	Homo sapiens
BIOMD0000000220	R-HSA-917729	1.0202632139133527E-6	https://reactome.org/PathwayBrowser/#/R-HSA-917729	Endosomal Sorting Complex Required For Transport (ESCRT)	IEA	Homo sapiens
BIOMD0000000220	R-HSA-5656169	1.0998475070689295E-6	https://reactome.org/PathwayBrowser/#/R-HSA-5656169	Termination of translesion DNA synthesis	IEA	Homo sapiens
BIOMD0000000220	R-HSA-162588	1.22953754777555E-6	https://reactome.org/PathwayBrowser/#/R-HSA-162588	Budding and maturation of HIV virion	IEA	Homo sapiens
BIOMD0000000220	R-HSA-264870	3.237632635322285E-6	https://reactome.org/PathwayBrowser/#/R-HSA-264870	Caspase-mediated cleavage of cytoskeletal proteins	IEA	Homo sapiens
BIOMD0000000220	R-HSA-211733	4.49791735368521E-6	https://reactome.org/PathwayBrowser/#/R-HSA-211733	Regulation of activated PAK-2p34 by proteasome mediated degradation	IEA	Homo sapiens
BIOMD0000000220	R-HSA-174113	5.934971797683097E-6	https://reactome.org/PathwayBrowser/#/R-HSA-174113	SCF-beta-TrCP mediated degradation of Emi1	IEA	Homo sapiens
BIOMD0000000220	R-HSA-8854050	5.934971797683097E-6	https://reactome.org/PathwayBrowser/#/R-HSA-8854050	FBXL7 down-regulates AURKA during mitotic entry and in early mitosis	IEA	Homo sapiens
BIOMD0000000220	R-HSA-68827	5.934971797683097E-6	https://reactome.org/PathwayBrowser/#/R-HSA-68827	CDT1 association with the CDC6:ORC:origin complex	IEA	Homo sapiens
BIOMD0000000220	R-HSA-8866654	5.934971797683097E-6	https://reactome.org/PathwayBrowser/#/R-HSA-8866654	E3 ubiquitin ligases ubiquitinate target proteins	IEA	Homo sapiens
BIOMD0000000220	R-HSA-174084	5.934971797683097E-6	https://reactome.org/PathwayBrowser/#/R-HSA-174084	Autodegradation of Cdh1 by Cdh1:APC/C	IEA	Homo sapiens
BIOMD0000000220	R-HSA-6782210	5.934971797683097E-6	https://reactome.org/PathwayBrowser/#/R-HSA-6782210	Gap-filling DNA repair synthesis and ligation in TC-NER	IEA	Homo sapiens
BIOMD0000000220	R-HSA-174154	7.102502239009212E-6	https://reactome.org/PathwayBrowser/#/R-HSA-174154	APC/C:Cdc20 mediated degradation of Securin	IEA	Homo sapiens
BIOMD0000000220	R-HSA-6782135	6.307007348604898E-6	https://reactome.org/PathwayBrowser/#/R-HSA-6782135	Dual incision in TC-NER	IEA	Homo sapiens
BIOMD0000000220	R-HSA-174178	9.414507217253565E-6	https://reactome.org/PathwayBrowser/#/R-HSA-174178	APC/C:Cdh1 mediated degradation of Cdc20 and other APC/C:Cdh1 targeted proteins in late mitosis/early G1	IEA	Homo sapiens
BIOMD0000000220	R-HSA-174184	9.414507217253565E-6	https://reactome.org/PathwayBrowser/#/R-HSA-174184	Cdc20:Phospho-APC/C mediated degradation of Cyclin A	IEA	Homo sapiens
BIOMD0000000220	R-HSA-114294	6.699212168226332E-6	https://reactome.org/PathwayBrowser/#/R-HSA-114294	Activation, translocation and oligomerization of BAX	IEA	Homo sapiens
BIOMD0000000220	R-HSA-176409	1.104398434637055E-5	https://reactome.org/PathwayBrowser/#/R-HSA-176409	APC/C:Cdc20 mediated degradation of mitotic proteins	IEA	Homo sapiens
BIOMD0000000220	R-HSA-6781827	1.2872774333261283E-5	https://reactome.org/PathwayBrowser/#/R-HSA-6781827	Transcription-Coupled Nucleotide Excision Repair (TC-NER)	IEA	Homo sapiens
BIOMD0000000220	R-HSA-75108	2.6736237703106625E-5	https://reactome.org/PathwayBrowser/#/R-HSA-75108	Activation, myristolyation of BID and translocation to mitochondria	IEA	Homo sapiens
BIOMD0000000220	R-HSA-111465	4.981717830110366E-5	https://reactome.org/PathwayBrowser/#/R-HSA-111465	Apoptotic cleavage of cellular proteins	IEA	Homo sapiens
BIOMD0000000220	R-HSA-75153	1.2551715026631882E-4	https://reactome.org/PathwayBrowser/#/R-HSA-75153	Apoptotic execution phase	IEA	Homo sapiens
BIOMD0000000220	R-HSA-111453	1.3458832840940183E-4	https://reactome.org/PathwayBrowser/#/R-HSA-111453	BH3-only proteins associate with and inactivate anti-apoptotic BCL-2 members	IEA	Homo sapiens
BIOMD0000000220	R-HSA-418889	1.6597050097033605E-4	https://reactome.org/PathwayBrowser/#/R-HSA-418889	Caspase activation via Dependence Receptors in the absence of ligand	IEA	Homo sapiens
BIOMD0000000220	R-HSA-5689880	5.260590553487487E-4	https://reactome.org/PathwayBrowser/#/R-HSA-5689880	Ub-specific processing proteases	IEA	Homo sapiens
BIOMD0000000220	R-HSA-983168	0.0023913287805708006	https://reactome.org/PathwayBrowser/#/R-HSA-983168	Antigen processing: Ubiquitination & Proteasome degradation	IEA	Homo sapiens
BIOMD0000000220	R-HSA-111452	0.0037483222529790527	https://reactome.org/PathwayBrowser/#/R-HSA-111452	Activation and oligomerization of BAK protein	IEA	Homo sapiens
BIOMD0000000156	R-HSA-6804760	1.5027470095363427E-4	https://reactome.org/PathwayBrowser/#/R-HSA-6804760	Regulation of TP53 Activity through Methylation	IEA	Homo sapiens
BIOMD0000000156	R-HSA-6804757	2.079146407727439E-4	https://reactome.org/PathwayBrowser/#/R-HSA-6804757	Regulation of TP53 Degradation	IEA	Homo sapiens
BIOMD0000000156	R-HSA-69541	3.69611817666593E-4	https://reactome.org/PathwayBrowser/#/R-HSA-69541	Stabilization of p53	IEA	Homo sapiens
BIOMD0000000156	R-HSA-69563	3.69611817666593E-4	https://reactome.org/PathwayBrowser/#/R-HSA-69563	p53-Dependent G1 DNA Damage Response	IEA	Homo sapiens
BIOMD0000000156	R-HSA-6804756	5.156660376580691E-4	https://reactome.org/PathwayBrowser/#/R-HSA-6804756	Regulation of TP53 Activity through Phosphorylation	IEA	Homo sapiens
BIOMD0000000156	R-HSA-6804754	0.0017879492079508896	https://reactome.org/PathwayBrowser/#/R-HSA-6804754	Regulation of TP53 Expression	IEA	Homo sapiens
BIOMD0000000156	R-HSA-69895	0.0023794160429035927	https://reactome.org/PathwayBrowser/#/R-HSA-69895	Transcriptional  activation of  cell cycle inhibitor p21 	IEA	Homo sapiens
BIOMD0000000156	R-HSA-6803211	0.004289159698643186	https://reactome.org/PathwayBrowser/#/R-HSA-6803211	TP53 Regulates Transcription of Death Receptors and Ligands	IEA	Homo sapiens
BIOMD0000000156	R-HSA-6803207	0.004289159698643186	https://reactome.org/PathwayBrowser/#/R-HSA-6803207	TP53 Regulates Transcription of Caspase Activators and Caspases	IEA	Homo sapiens
BIOMD0000000313	R-HSA-982772	1.458629106387832E-9	https://reactome.org/PathwayBrowser/#/R-HSA-982772	Growth hormone receptor signaling	IEA	Homo sapiens
BIOMD0000000313	R-HSA-6785807	4.4565084955650036E-10	https://reactome.org/PathwayBrowser/#/R-HSA-6785807	Interleukin-4 and Interleukin-13 signaling	IEA	Homo sapiens
BIOMD0000000313	R-HSA-2586552	1.4264592396173725E-8	https://reactome.org/PathwayBrowser/#/R-HSA-2586552	Signaling by Leptin	IEA	Homo sapiens
BIOMD0000000313	R-HSA-9027283	9.128993941898145E-7	https://reactome.org/PathwayBrowser/#/R-HSA-9027283	Erythropoietin activates STAT5	IEA	Homo sapiens
BIOMD0000000313	R-HSA-512988	1.960039790471768E-6	https://reactome.org/PathwayBrowser/#/R-HSA-512988	Interleukin-3, Interleukin-5 and GM-CSF signaling	IEA	Homo sapiens
BIOMD0000000313	R-HSA-1059683	4.206745060741923E-6	https://reactome.org/PathwayBrowser/#/R-HSA-1059683	Interleukin-6 signaling	IEA	Homo sapiens
BIOMD0000000313	R-HSA-1170546	4.206745060741923E-6	https://reactome.org/PathwayBrowser/#/R-HSA-1170546	Prolactin receptor signaling	IEA	Homo sapiens
BIOMD0000000313	R-HSA-912694	1.9042136264690868E-5	https://reactome.org/PathwayBrowser/#/R-HSA-912694	Regulation of IFNA signaling	IEA	Homo sapiens
BIOMD0000000313	R-HSA-9006335	1.9042136264690868E-5	https://reactome.org/PathwayBrowser/#/R-HSA-9006335	Signaling by Erythropoietin	IEA	Homo sapiens
BIOMD0000000313	R-HSA-9645135	1.5445691259530214E-4	https://reactome.org/PathwayBrowser/#/R-HSA-9645135	STAT5 Activation	IEA	Homo sapiens
BIOMD0000000313	R-HSA-9020933	2.550225647237614E-4	https://reactome.org/PathwayBrowser/#/R-HSA-9020933	Interleukin-23 signaling	IEA	Homo sapiens
BIOMD0000000313	R-HSA-8984722	3.017090372892106E-4	https://reactome.org/PathwayBrowser/#/R-HSA-8984722	Interleukin-35 Signalling	IEA	Homo sapiens
BIOMD0000000313	R-HSA-6788467	6.037116216646154E-4	https://reactome.org/PathwayBrowser/#/R-HSA-6788467	IL-6-type cytokine receptor ligand interactions	IEA	Homo sapiens
BIOMD0000000313	R-HSA-912526	0.0011353568154995886	https://reactome.org/PathwayBrowser/#/R-HSA-912526	Interleukin receptor SHC signaling	IEA	Homo sapiens
BIOMD0000000313	R-HSA-909733	0.0011163883323733748	https://reactome.org/PathwayBrowser/#/R-HSA-909733	Interferon alpha/beta signaling	IEA	Homo sapiens
BIOMD0000000313	R-HSA-877300	0.0021628302407789013	https://reactome.org/PathwayBrowser/#/R-HSA-877300	Interferon gamma signaling	IEA	Homo sapiens
BIOMD0000000199	R-RNO-203615	7.638449384117507E-8	https://reactome.org/PathwayBrowser/#/R-RNO-203615	eNOS activation	IEA	Rattus norvegicus
BIOMD0000000199	R-RNO-189483	2.0867874530594577E-5	https://reactome.org/PathwayBrowser/#/R-RNO-189483	Heme degradation	IEA	Rattus norvegicus
BIOMD0000000199	R-RNO-917937	4.237247177529824E-5	https://reactome.org/PathwayBrowser/#/R-RNO-917937	Iron uptake and transport	IEA	Rattus norvegicus
BIOMD0000000199	R-RNO-9026290	0.001158143154125213	https://reactome.org/PathwayBrowser/#/R-RNO-9026290	Biosynthesis of DPAn-3-derived maresins	IEA	Rattus norvegicus
BIOMD0000000199	R-RNO-2142770	0.0024111447747725556	https://reactome.org/PathwayBrowser/#/R-RNO-2142770	Synthesis of 15-eicosatetraenoic acid derivatives	IEA	Rattus norvegicus
BIOMD0000000199	R-RNO-1362409	0.003768555620784486	https://reactome.org/PathwayBrowser/#/R-RNO-1362409	Mitochondrial iron-sulfur cluster biogenesis	IEA	Rattus norvegicus
BIOMD0000000018	R-HSA-3359469	0.0034915168544387143	https://reactome.org/PathwayBrowser/#/R-HSA-3359469	Defective MTR causes methylmalonic aciduria and homocystinuria type cblG	IEA	Homo sapiens
BIOMD0000000018	R-HSA-211957	0.0047170348434156795	https://reactome.org/PathwayBrowser/#/R-HSA-211957	Aromatic amines can be N-hydroxylated or N-dealkylated by CYP1A2	IEA	Homo sapiens
BIOMD0000000347	R-MMU-9027284	4.796674764051545E-6	https://reactome.org/PathwayBrowser/#/R-MMU-9027284	Erythropoietin activates RAS	IEA	Mus musculus
BIOMD0000000347	R-MMU-9027276	4.796674764051545E-6	https://reactome.org/PathwayBrowser/#/R-MMU-9027276	Erythropoietin activates Phosphoinositide-3-kinase (PI3K)	IEA	Mus musculus
BIOMD0000000347	R-MMU-877300	6.8051309409788985E-6	https://reactome.org/PathwayBrowser/#/R-MMU-877300	Interferon gamma signaling	IEA	Mus musculus
BIOMD0000000347	R-MMU-512988	5.993688272565301E-5	https://reactome.org/PathwayBrowser/#/R-MMU-512988	Interleukin-3, Interleukin-5 and GM-CSF signaling	IEA	Mus musculus
BIOMD0000000347	R-MMU-1059683	2.781952080154193E-4	https://reactome.org/PathwayBrowser/#/R-MMU-1059683	Interleukin-6 signaling	IEA	Mus musculus
BIOMD0000000347	R-MMU-982772	2.785671484943908E-4	https://reactome.org/PathwayBrowser/#/R-MMU-982772	Growth hormone receptor signaling	IEA	Mus musculus
BIOMD0000000347	R-MMU-912526	8.487602592599508E-4	https://reactome.org/PathwayBrowser/#/R-MMU-912526	Interleukin receptor SHC signaling	IEA	Mus musculus
BIOMD0000000410	R-MMU-2173789	4.085620730620576E-14	https://reactome.org/PathwayBrowser/#/R-MMU-2173789	TGF-beta receptor signaling activates SMADs	IEA	Mus musculus
BIOMD0000000410	R-MMU-2173788	9.380274335057948E-13	https://reactome.org/PathwayBrowser/#/R-MMU-2173788	Downregulation of TGF-beta receptor signaling	IEA	Mus musculus
BIOMD0000000410	R-MMU-2173795	2.400937892943489E-7	https://reactome.org/PathwayBrowser/#/R-MMU-2173795	Downregulation of SMAD2/3:SMAD4 transcriptional activity	IEA	Mus musculus
BIOMD0000000410	R-MMU-2173796	2.4413840438164414E-7	https://reactome.org/PathwayBrowser/#/R-MMU-2173796	SMAD2/SMAD3:SMAD4 heterotrimer regulates transcription	IEA	Mus musculus
BIOMD0000000410	R-MMU-2173791	4.490937621781654E-6	https://reactome.org/PathwayBrowser/#/R-MMU-2173791	TGF-beta receptor signaling in EMT (epithelial to mesenchymal transition)	IEA	Mus musculus
BIOMD0000000410	R-MMU-1181150	8.001079158515001E-5	https://reactome.org/PathwayBrowser/#/R-MMU-1181150	Signaling by NODAL	IEA	Mus musculus
BIOMD0000000410	R-MMU-8941855	8.001079158515001E-5	https://reactome.org/PathwayBrowser/#/R-MMU-8941855	RUNX3 regulates CDKN1A transcription	IEA	Mus musculus
BIOMD0000000410	R-MMU-9617828	1.0882483749075078E-4	https://reactome.org/PathwayBrowser/#/R-MMU-9617828	FOXO-mediated transcription of cell cycle genes	IEA	Mus musculus
BIOMD0000000048	R-RNO-177929	2.7944505189836377E-6	https://reactome.org/PathwayBrowser/#/R-RNO-177929	Signaling by EGFR	IEA	Rattus norvegicus
BIOMD0000000048	R-RNO-2424491	2.7944505189836377E-6	https://reactome.org/PathwayBrowser/#/R-RNO-2424491	DAP12 signaling	IEA	Rattus norvegicus
BIOMD0000000048	R-RNO-180336	5.0851729667122925E-6	https://reactome.org/PathwayBrowser/#/R-RNO-180336	SHC1 events in EGFR signaling	IEA	Rattus norvegicus
BIOMD0000000048	R-RNO-2871796	1.2816391932624072E-5	https://reactome.org/PathwayBrowser/#/R-RNO-2871796	FCERI mediated MAPK activation	IEA	Rattus norvegicus
BIOMD0000000048	R-RNO-5654687	2.4004409065470078E-5	https://reactome.org/PathwayBrowser/#/R-RNO-5654687	Downstream signaling of activated FGFR1	IEA	Rattus norvegicus
BIOMD0000000048	R-RNO-2428933	8.93374737777064E-5	https://reactome.org/PathwayBrowser/#/R-RNO-2428933	SHC-related events triggered by IGF1R	IEA	Rattus norvegicus
BIOMD0000000048	R-RNO-9027284	1.927179676267654E-4	https://reactome.org/PathwayBrowser/#/R-RNO-9027284	Erythropoietin activates RAS	IEA	Rattus norvegicus
BIOMD0000000048	R-RNO-212718	1.410673103157123E-4	https://reactome.org/PathwayBrowser/#/R-RNO-212718	EGFR interacts with phospholipase C-gamma	IEA	Rattus norvegicus
BIOMD0000000048	R-RNO-74749	1.9979961601590546E-4	https://reactome.org/PathwayBrowser/#/R-RNO-74749	Signal attenuation	IEA	Rattus norvegicus
BIOMD0000000048	R-RNO-179812	2.323712753443674E-4	https://reactome.org/PathwayBrowser/#/R-RNO-179812	GRB2 events in EGFR signaling	IEA	Rattus norvegicus
BIOMD0000000048	R-RNO-8851805	1.9979961601590546E-4	https://reactome.org/PathwayBrowser/#/R-RNO-8851805	MET activates RAS signaling	IEA	Rattus norvegicus
BIOMD0000000048	R-RNO-1250347	2.323712753443674E-4	https://reactome.org/PathwayBrowser/#/R-RNO-1250347	SHC1 events in ERBB4 signaling	IEA	Rattus norvegicus
BIOMD0000000048	R-RNO-180292	3.091334023613834E-4	https://reactome.org/PathwayBrowser/#/R-RNO-180292	GAB1 signalosome	IEA	Rattus norvegicus
BIOMD0000000048	R-RNO-1250196	3.091334023613834E-4	https://reactome.org/PathwayBrowser/#/R-RNO-1250196	SHC1 events in ERBB2 signaling	IEA	Rattus norvegicus
BIOMD0000000048	R-RNO-5654704	3.174087529980163E-4	https://reactome.org/PathwayBrowser/#/R-RNO-5654704	SHC-mediated cascade:FGFR3	IEA	Rattus norvegicus
BIOMD0000000048	R-RNO-5654719	3.5571311974536E-4	https://reactome.org/PathwayBrowser/#/R-RNO-5654719	SHC-mediated cascade:FGFR4	IEA	Rattus norvegicus
BIOMD0000000048	R-RNO-912526	5.549235331174796E-4	https://reactome.org/PathwayBrowser/#/R-RNO-912526	Interleukin receptor SHC signaling	IEA	Rattus norvegicus
BIOMD0000000048	R-RNO-5654688	4.8360955896731284E-4	https://reactome.org/PathwayBrowser/#/R-RNO-5654688	SHC-mediated cascade:FGFR1	IEA	Rattus norvegicus
BIOMD0000000048	R-RNO-5654699	5.30561143524011E-4	https://reactome.org/PathwayBrowser/#/R-RNO-5654699	SHC-mediated cascade:FGFR2	IEA	Rattus norvegicus
BIOMD0000000048	R-RNO-182971	6.895784875512456E-4	https://reactome.org/PathwayBrowser/#/R-RNO-182971	EGFR downregulation	IEA	Rattus norvegicus
BIOMD0000000048	R-RNO-2730905	0.0031010064977416985	https://reactome.org/PathwayBrowser/#/R-RNO-2730905	Role of LAT2/NTAL/LAB on calcium mobilization	IEA	Rattus norvegicus
BIOMD0000000048	R-RNO-9034793	0.004808233605419154	https://reactome.org/PathwayBrowser/#/R-RNO-9034793	Activated NTRK3 signals through PLCG1	IEA	Rattus norvegicus
BIOMD0000000048	R-RNO-112412	0.004808233605419154	https://reactome.org/PathwayBrowser/#/R-RNO-112412	SOS-mediated signalling	IEA	Rattus norvegicus
BIOMD0000000048	R-RNO-9026527	0.004808233605419154	https://reactome.org/PathwayBrowser/#/R-RNO-9026527	Activated NTRK2 signals through PLCG1	IEA	Rattus norvegicus
BIOMD0000000048	R-RNO-8865999	0.004808233605419154	https://reactome.org/PathwayBrowser/#/R-RNO-8865999	MET activates PTPN11	IEA	Rattus norvegicus
BIOMD0000000048	R-RNO-8851907	0.004808233605419154	https://reactome.org/PathwayBrowser/#/R-RNO-8851907	MET activates PI3K/AKT signaling	IEA	Rattus norvegicus
BIOMD0000000270	R-MMU-5674499	3.891553745916099E-12	https://reactome.org/PathwayBrowser/#/R-MMU-5674499	Negative feedback regulation of MAPK pathway	IEA	Mus musculus
BIOMD0000000270	R-MMU-112409	1.7051746681318036E-9	https://reactome.org/PathwayBrowser/#/R-MMU-112409	RAF-independent MAPK1/3 activation	IEA	Mus musculus
BIOMD0000000270	R-MMU-5675221	1.242032121595571E-8	https://reactome.org/PathwayBrowser/#/R-MMU-5675221	Negative regulation of MAPK pathway	IEA	Mus musculus
BIOMD0000000270	R-MMU-5673001	2.2596996940293934E-8	https://reactome.org/PathwayBrowser/#/R-MMU-5673001	RAF/MAP kinase cascade	IEA	Mus musculus
BIOMD0000000270	R-MMU-170968	1.739304367198713E-8	https://reactome.org/PathwayBrowser/#/R-MMU-170968	Frs2-mediated activation	IEA	Mus musculus
BIOMD0000000270	R-MMU-5674135	1.242032121595571E-8	https://reactome.org/PathwayBrowser/#/R-MMU-5674135	MAP2K and MAPK activation	IEA	Mus musculus
BIOMD0000000270	R-MMU-5673000	2.9168562909465123E-7	https://reactome.org/PathwayBrowser/#/R-MMU-5673000	RAF activation	IEA	Mus musculus
BIOMD0000000270	R-MMU-9027284	1.6344520116229333E-6	https://reactome.org/PathwayBrowser/#/R-MMU-9027284	Erythropoietin activates RAS	IEA	Mus musculus
BIOMD0000000270	R-MMU-112411	1.3005698265011745E-6	https://reactome.org/PathwayBrowser/#/R-MMU-112411	MAPK1 (ERK2) activation	IEA	Mus musculus
BIOMD0000000270	R-MMU-110056	1.6344520116229333E-6	https://reactome.org/PathwayBrowser/#/R-MMU-110056	MAPK3 (ERK1) activation	IEA	Mus musculus
BIOMD0000000270	R-MMU-74749	1.9765696457341164E-6	https://reactome.org/PathwayBrowser/#/R-MMU-74749	Signal attenuation	IEA	Mus musculus
BIOMD0000000270	R-MMU-9027276	2.3082076670011276E-6	https://reactome.org/PathwayBrowser/#/R-MMU-9027276	Erythropoietin activates Phosphoinositide-3-kinase (PI3K)	IEA	Mus musculus
BIOMD0000000270	R-MMU-982772	2.3082076670011276E-6	https://reactome.org/PathwayBrowser/#/R-MMU-982772	Growth hormone receptor signaling	IEA	Mus musculus
BIOMD0000000270	R-MMU-912526	1.435692936357924E-5	https://reactome.org/PathwayBrowser/#/R-MMU-912526	Interleukin receptor SHC signaling	IEA	Mus musculus
BIOMD0000000270	R-MMU-512988	6.957142529073757E-5	https://reactome.org/PathwayBrowser/#/R-MMU-512988	Interleukin-3, Interleukin-5 and GM-CSF signaling	IEA	Mus musculus
BIOMD0000000270	R-MMU-2871796	3.313601631242946E-4	https://reactome.org/PathwayBrowser/#/R-MMU-2871796	FCERI mediated MAPK activation	IEA	Mus musculus
BIOMD0000000270	R-MMU-202670	2.6210904344325936E-4	https://reactome.org/PathwayBrowser/#/R-MMU-202670	ERKs are inactivated	IEA	Mus musculus
BIOMD0000000270	R-MMU-877300	3.71976824921072E-4	https://reactome.org/PathwayBrowser/#/R-MMU-877300	Interferon gamma signaling	IEA	Mus musculus
BIOMD0000000270	R-MMU-198753	3.71976824921072E-4	https://reactome.org/PathwayBrowser/#/R-MMU-198753	ERK/MAPK targets	IEA	Mus musculus
BIOMD0000000270	R-MMU-112412	0.00429506485470732	https://reactome.org/PathwayBrowser/#/R-MMU-112412	SOS-mediated signalling	IEA	Mus musculus
BIOMD0000000407	R-HSA-5357786	2.9976021664879227E-15	https://reactome.org/PathwayBrowser/#/R-HSA-5357786	TNFR1-induced proapoptotic signaling	IEA	Homo sapiens
BIOMD0000000407	R-HSA-5218900	4.6629367034256575E-15	https://reactome.org/PathwayBrowser/#/R-HSA-5218900	CASP8 activity is inhibited	IEA	Homo sapiens
BIOMD0000000407	R-HSA-5675482	2.9976021664879227E-15	https://reactome.org/PathwayBrowser/#/R-HSA-5675482	Regulation of necroptotic cell death	IEA	Homo sapiens
BIOMD0000000407	R-HSA-5213460	2.9976021664879227E-15	https://reactome.org/PathwayBrowser/#/R-HSA-5213460	RIPK1-mediated regulated necrosis	IEA	Homo sapiens
BIOMD0000000407	R-HSA-5357956	4.6629367034256575E-15	https://reactome.org/PathwayBrowser/#/R-HSA-5357956	TNFR1-induced NFkappaB signaling pathway	IEA	Homo sapiens
BIOMD0000000407	R-HSA-75893	2.9976021664879227E-15	https://reactome.org/PathwayBrowser/#/R-HSA-75893	TNF signaling	IEA	Homo sapiens
BIOMD0000000407	R-HSA-5357905	2.9976021664879227E-15	https://reactome.org/PathwayBrowser/#/R-HSA-5357905	Regulation of TNFR1 signaling	IEA	Homo sapiens
BIOMD0000000407	R-HSA-140534	3.7969627442180354E-14	https://reactome.org/PathwayBrowser/#/R-HSA-140534	Caspase activation via Death Receptors in the presence of ligand	IEA	Homo sapiens
BIOMD0000000407	R-HSA-3371378	3.8902214782865485E-13	https://reactome.org/PathwayBrowser/#/R-HSA-3371378	Regulation by c-FLIP	IEA	Homo sapiens
BIOMD0000000407	R-HSA-69416	3.8902214782865485E-13	https://reactome.org/PathwayBrowser/#/R-HSA-69416	Dimerization of procaspase-8	IEA	Homo sapiens
BIOMD0000000407	R-HSA-933543	6.083503700793358E-8	https://reactome.org/PathwayBrowser/#/R-HSA-933543	NF-kB activation through FADD/RIP-1 pathway mediated by caspase-8 and -10	IEA	Homo sapiens
BIOMD0000000407	R-HSA-1810476	2.03101218065882E-7	https://reactome.org/PathwayBrowser/#/R-HSA-1810476	RIP-mediated NFkB activation via ZBP1	IEA	Homo sapiens
BIOMD0000000407	R-HSA-933542	7.20677162946437E-7	https://reactome.org/PathwayBrowser/#/R-HSA-933542	TRAF6 mediated NF-kB activation	IEA	Homo sapiens
BIOMD0000000407	R-HSA-9013957	1.1889508817475303E-6	https://reactome.org/PathwayBrowser/#/R-HSA-9013957	TLR3-mediated TICAM1-dependent programmed cell death	IEA	Homo sapiens
BIOMD0000000407	R-HSA-5603029	1.8859854717945268E-6	https://reactome.org/PathwayBrowser/#/R-HSA-5603029	IkBA variant leads to EDA-ID	IEA	Homo sapiens
BIOMD0000000407	R-HSA-2562578	3.4998378694028887E-6	https://reactome.org/PathwayBrowser/#/R-HSA-2562578	TRIF-mediated programmed cell death	IEA	Homo sapiens
BIOMD0000000407	R-HSA-264870	8.26925376529175E-6	https://reactome.org/PathwayBrowser/#/R-HSA-264870	Caspase-mediated cleavage of cytoskeletal proteins	IEA	Homo sapiens
BIOMD0000000407	R-HSA-111465	1.459220852799703E-4	https://reactome.org/PathwayBrowser/#/R-HSA-111465	Apoptotic cleavage of cellular proteins	IEA	Homo sapiens
BIOMD0000000407	R-HSA-445989	8.770326356488667E-5	https://reactome.org/PathwayBrowser/#/R-HSA-445989	TAK1 activates NFkB by phosphorylation and activation of IKKs complex	IEA	Homo sapiens
BIOMD0000000407	R-HSA-75157	1.3599539157560514E-4	https://reactome.org/PathwayBrowser/#/R-HSA-75157	FasL/ CD95L signaling	IEA	Homo sapiens
BIOMD0000000407	R-HSA-5626978	1.956350990517386E-4	https://reactome.org/PathwayBrowser/#/R-HSA-5626978	TNFR1-mediated ceramide production	IEA	Homo sapiens
BIOMD0000000407	R-HSA-111463	1.9950865197471135E-4	https://reactome.org/PathwayBrowser/#/R-HSA-111463	SMAC (DIABLO) binds to IAPs 	IEA	Homo sapiens
BIOMD0000000407	R-HSA-111464	1.9950865197471135E-4	https://reactome.org/PathwayBrowser/#/R-HSA-111464	SMAC(DIABLO)-mediated dissociation of IAP:caspase complexes 	IEA	Homo sapiens
BIOMD0000000407	R-HSA-75153	2.7626037228500877E-4	https://reactome.org/PathwayBrowser/#/R-HSA-75153	Apoptotic execution phase	IEA	Homo sapiens
BIOMD0000000407	R-HSA-111469	2.6031894264266775E-4	https://reactome.org/PathwayBrowser/#/R-HSA-111469	SMAC, XIAP-regulated apoptotic response	IEA	Homo sapiens
BIOMD0000000407	R-HSA-111459	1.956350990517386E-4	https://reactome.org/PathwayBrowser/#/R-HSA-111459	Activation of caspases through apoptosome-mediated cleavage	IEA	Homo sapiens
BIOMD0000000407	R-HSA-5660668	1.956350990517386E-4	https://reactome.org/PathwayBrowser/#/R-HSA-5660668	CLEC7A/inflammasome pathway	IEA	Homo sapiens
BIOMD0000000407	R-HSA-1169091	5.814927156865268E-4	https://reactome.org/PathwayBrowser/#/R-HSA-1169091	Activation of NF-kappaB in B cells	IEA	Homo sapiens
BIOMD0000000407	R-HSA-209560	6.839330899301999E-4	https://reactome.org/PathwayBrowser/#/R-HSA-209560	NF-kB is activated and signals survival	IEA	Homo sapiens
BIOMD0000000407	R-HSA-5684264	6.885834886762865E-4	https://reactome.org/PathwayBrowser/#/R-HSA-5684264	MAP3K8 (TPL2)-dependent MAPK1/3 activation	IEA	Homo sapiens
BIOMD0000000407	R-HSA-168927	9.680662240236781E-4	https://reactome.org/PathwayBrowser/#/R-HSA-168927	TICAM1, RIP1-mediated IKK complex recruitment	IEA	Homo sapiens
BIOMD0000000407	R-HSA-937041	0.0014128483450905893	https://reactome.org/PathwayBrowser/#/R-HSA-937041	IKK complex recruitment mediated by RIP1	IEA	Homo sapiens
BIOMD0000000330	R-RNO-434316	0.0011833509734171521	https://reactome.org/PathwayBrowser/#/R-RNO-434316	Fatty Acids bound to GPR40 (FFAR1) regulate insulin secretion	IEA	Rattus norvegicus
BIOMD0000000330	R-RNO-112043	0.003532873737901454	https://reactome.org/PathwayBrowser/#/R-RNO-112043	PLC beta mediated events	IEA	Rattus norvegicus
BIOMD0000000194	R-HSA-141444	1.2465074837653134E-5	https://reactome.org/PathwayBrowser/#/R-HSA-141444	Amplification  of signal from unattached  kinetochores via a MAD2  inhibitory signal	IEA	Homo sapiens
BIOMD0000000194	R-HSA-2467813	2.3913334552982946E-5	https://reactome.org/PathwayBrowser/#/R-HSA-2467813	Separation of Sister Chromatids	IEA	Homo sapiens
BIOMD0000000194	R-HSA-141405	2.874170347355598E-5	https://reactome.org/PathwayBrowser/#/R-HSA-141405	Inhibition of the proteolytic activity of APC/C required for the onset of anaphase by mitotic spindle checkpoint components	IEA	Homo sapiens
BIOMD0000000194	R-HSA-141430	2.874170347355598E-5	https://reactome.org/PathwayBrowser/#/R-HSA-141430	Inactivation of APC/C via direct inhibition of the APC/C complex	IEA	Homo sapiens
BIOMD0000000194	R-HSA-179409	2.9930341354456047E-5	https://reactome.org/PathwayBrowser/#/R-HSA-179409	APC-Cdc20 mediated degradation of Nek2A	IEA	Homo sapiens
BIOMD0000000194	R-HSA-174184	1.342845467322551E-4	https://reactome.org/PathwayBrowser/#/R-HSA-174184	Cdc20:Phospho-APC/C mediated degradation of Cyclin A	IEA	Homo sapiens
BIOMD0000000194	R-HSA-176409	1.342845467322551E-4	https://reactome.org/PathwayBrowser/#/R-HSA-176409	APC/C:Cdc20 mediated degradation of mitotic proteins	IEA	Homo sapiens
BIOMD0000000194	R-HSA-176408	1.5274023571443252E-4	https://reactome.org/PathwayBrowser/#/R-HSA-176408	Regulation of APC/C activators between G1/S and early anaphase	IEA	Homo sapiens
BIOMD0000000194	R-HSA-176417	0.0016084350413553272	https://reactome.org/PathwayBrowser/#/R-HSA-176417	Phosphorylation of Emi1	IEA	Homo sapiens
BIOMD0000000173	R-HSA-3656532	1.2493339696106887E-10	https://reactome.org/PathwayBrowser/#/R-HSA-3656532	TGFBR1 KD Mutants in Cancer	IEA	Homo sapiens
BIOMD0000000173	R-HSA-3304356	1.2493339696106887E-10	https://reactome.org/PathwayBrowser/#/R-HSA-3304356	SMAD2/3 Phosphorylation Motif Mutants in Cancer	IEA	Homo sapiens
BIOMD0000000173	R-HSA-2173789	2.1529678040366207E-10	https://reactome.org/PathwayBrowser/#/R-HSA-2173789	TGF-beta receptor signaling activates SMADs	IEA	Homo sapiens
BIOMD0000000173	R-HSA-3656535	2.3014607553051292E-8	https://reactome.org/PathwayBrowser/#/R-HSA-3656535	TGFBR1 LBD Mutants in Cancer	IEA	Homo sapiens
BIOMD0000000173	R-HSA-3645790	1.133206073422599E-8	https://reactome.org/PathwayBrowser/#/R-HSA-3645790	TGFBR2 Kinase Domain Mutants in Cancer	IEA	Homo sapiens
BIOMD0000000173	R-HSA-2173788	2.1869051902712044E-8	https://reactome.org/PathwayBrowser/#/R-HSA-2173788	Downregulation of TGF-beta receptor signaling	IEA	Homo sapiens
BIOMD0000000173	R-HSA-1502540	6.55993093179319E-7	https://reactome.org/PathwayBrowser/#/R-HSA-1502540	Signaling by Activin	IEA	Homo sapiens
BIOMD0000000173	R-HSA-2173791	1.2215314026953195E-6	https://reactome.org/PathwayBrowser/#/R-HSA-2173791	TGF-beta receptor signaling in EMT (epithelial to mesenchymal transition)	IEA	Homo sapiens
BIOMD0000000173	R-HSA-1181150	2.2050487755720383E-6	https://reactome.org/PathwayBrowser/#/R-HSA-1181150	Signaling by NODAL	IEA	Homo sapiens
BIOMD0000000173	R-HSA-2173795	2.8946364469817354E-6	https://reactome.org/PathwayBrowser/#/R-HSA-2173795	Downregulation of SMAD2/3:SMAD4 transcriptional activity	IEA	Homo sapiens
BIOMD0000000173	R-HSA-3642279	3.5375640347057313E-6	https://reactome.org/PathwayBrowser/#/R-HSA-3642279	TGFBR2 MSI Frameshift Mutants in Cancer	IEA	Homo sapiens
BIOMD0000000173	R-HSA-3311021	7.759802712725694E-6	https://reactome.org/PathwayBrowser/#/R-HSA-3311021	SMAD4 MH2 Domain Mutants in Cancer	IEA	Homo sapiens
BIOMD0000000173	R-HSA-3315487	7.759802712725694E-6	https://reactome.org/PathwayBrowser/#/R-HSA-3315487	SMAD2/3 MH2 Domain Mutants in Cancer	IEA	Homo sapiens
BIOMD0000000173	R-HSA-8941855	2.8118240589458665E-5	https://reactome.org/PathwayBrowser/#/R-HSA-8941855	RUNX3 regulates CDKN1A transcription	IEA	Homo sapiens
BIOMD0000000173	R-HSA-2173796	2.907573827075627E-4	https://reactome.org/PathwayBrowser/#/R-HSA-2173796	SMAD2/SMAD3:SMAD4 heterotrimer regulates transcription	IEA	Homo sapiens
BIOMD0000000173	R-HSA-8952158	0.004016058915101373	https://reactome.org/PathwayBrowser/#/R-HSA-8952158	RUNX3 regulates BCL2L11 (BIM) transcription	IEA	Homo sapiens
BIOMD0000000560	R-MMU-933542	5.514837484756896E-4	https://reactome.org/PathwayBrowser/#/R-MMU-933542	TRAF6 mediated NF-kB activation	IEA	Mus musculus
BIOMD0000000560	R-MMU-445989	5.514837484756896E-4	https://reactome.org/PathwayBrowser/#/R-MMU-445989	TAK1 activates NFkB by phosphorylation and activation of IKKs complex	IEA	Mus musculus
BIOMD0000000560	R-MMU-8941855	5.690320014524186E-4	https://reactome.org/PathwayBrowser/#/R-MMU-8941855	RUNX3 regulates CDKN1A transcription	IEA	Mus musculus
BIOMD0000000560	R-MMU-1810476	0.0020416348187533018	https://reactome.org/PathwayBrowser/#/R-MMU-1810476	RIP-mediated NFkB activation via ZBP1	IEA	Mus musculus
BIOMD0000000560	R-MMU-2173791	0.002340330626671161	https://reactome.org/PathwayBrowser/#/R-MMU-2173791	TGF-beta receptor signaling in EMT (epithelial to mesenchymal transition)	IEA	Mus musculus
BIOMD0000000247	R-SCE-70171	2.5351668453410525E-7	https://reactome.org/PathwayBrowser/#/R-SCE-70171	Glycolysis	IEA	Saccharomyces cerevisiae
BIOMD0000000247	R-SCE-71336	1.037895250144416E-5	https://reactome.org/PathwayBrowser/#/R-SCE-71336	Pentose phosphate pathway	IEA	Saccharomyces cerevisiae
BIOMD0000000247	R-SCE-5628897	2.6526710026097966E-4	https://reactome.org/PathwayBrowser/#/R-SCE-5628897	TP53 Regulates Metabolic Genes	IEA	Saccharomyces cerevisiae
BIOMD0000000036	R-DME-432501	0.004135079255685792	https://reactome.org/PathwayBrowser/#/R-DME-432501	Transcription repression by PER and activation by PDP1	IEA	Drosophila melanogaste
BIOMD0000000036	R-DME-432620	0.004135079255685792	https://reactome.org/PathwayBrowser/#/R-DME-432620	Dephosphorylation of PER	IEA	Drosophila melanogaste
BIOMD0000000335	R-HSA-140834	4.6629367034256575E-14	https://reactome.org/PathwayBrowser/#/R-HSA-140834	Extrinsic Pathway of Fibrin Clot Formation	IEA	Homo sapiens
BIOMD0000000335	R-HSA-140875	3.685163285638282E-11	https://reactome.org/PathwayBrowser/#/R-HSA-140875	Common Pathway of Fibrin Clot Formation	IEA	Homo sapiens
BIOMD0000000335	R-HSA-204005	0.0025867276215914004	https://reactome.org/PathwayBrowser/#/R-HSA-204005	COPII-mediated vesicle transport	IEA	Homo sapiens
BIOMD0000000268	R-HSA-156581	8.041902344047003E-8	https://reactome.org/PathwayBrowser/#/R-HSA-156581	Methylation	IEA	Homo sapiens
BIOMD0000000268	R-HSA-196757	4.906054653641689E-7	https://reactome.org/PathwayBrowser/#/R-HSA-196757	Metabolism of folate and pterines	IEA	Homo sapiens
BIOMD0000000268	R-HSA-6798163	5.33975377248197E-7	https://reactome.org/PathwayBrowser/#/R-HSA-6798163	Choline catabolism	IEA	Homo sapiens
BIOMD0000000268	R-HSA-379401	1.2195798962721938E-5	https://reactome.org/PathwayBrowser/#/R-HSA-379401	Dopamine clearance from the synaptic cleft	IEA	Homo sapiens
BIOMD0000000268	R-HSA-379397	3.001919857477109E-4	https://reactome.org/PathwayBrowser/#/R-HSA-379397	Enzymatic degradation of dopamine by COMT	IEA	Homo sapiens
BIOMD0000000268	R-HSA-2142770	6.966501689806837E-4	https://reactome.org/PathwayBrowser/#/R-HSA-2142770	Synthesis of 15-eicosatetraenoic acid derivatives	IEA	Homo sapiens
BIOMD0000000268	R-HSA-2408550	6.966501689806837E-4	https://reactome.org/PathwayBrowser/#/R-HSA-2408550	Metabolism of ingested H2SeO4 and H2SeO3 into H2Se	IEA	Homo sapiens
BIOMD0000000268	R-HSA-3299685	7.225192670730074E-4	https://reactome.org/PathwayBrowser/#/R-HSA-3299685	Detoxification of Reactive Oxygen Species	IEA	Homo sapiens
BIOMD0000000268	R-HSA-2142789	0.0014979285442906498	https://reactome.org/PathwayBrowser/#/R-HSA-2142789	Ubiquinol biosynthesis	IEA	Homo sapiens
BIOMD0000000268	R-HSA-2408552	0.001734563760932284	https://reactome.org/PathwayBrowser/#/R-HSA-2408552	Methylation of MeSeH for excretion	IEA	Homo sapiens
BIOMD0000000268	R-HSA-3359469	0.0034913858266013564	https://reactome.org/PathwayBrowser/#/R-HSA-3359469	Defective MTR causes methylmalonic aciduria and homocystinuria type cblG	IEA	Homo sapiens
BIOMD0000000268	R-HSA-3359467	0.0034913858266013564	https://reactome.org/PathwayBrowser/#/R-HSA-3359467	Defective MTRR causes methylmalonic aciduria and homocystinuria type cblE	IEA	Homo sapiens
BIOMD0000000268	R-HSA-6793080	0.004301705666912903	https://reactome.org/PathwayBrowser/#/R-HSA-6793080	rRNA modification in the mitochondrion	IEA	Homo sapiens
BIOMD0000000281	R-HSA-70350	1.7653693512098556E-4	https://reactome.org/PathwayBrowser/#/R-HSA-70350	Fructose catabolism	IEA	Homo sapiens
BIOMD0000000281	R-HSA-5619070	0.0015045127393024105	https://reactome.org/PathwayBrowser/#/R-HSA-5619070	Defective SLC16A1 causes symptomatic deficiency in lactate transport (SDLT)	IEA	Homo sapiens
BIOMD0000000281	R-HSA-433692	0.003735755338510227	https://reactome.org/PathwayBrowser/#/R-HSA-433692	Proton-coupled monocarboxylate transport	IEA	Homo sapiens
BIOMD0000000140	R-MMU-1810476	4.9960036108132044E-15	https://reactome.org/PathwayBrowser/#/R-MMU-1810476	RIP-mediated NFkB activation via ZBP1	IEA	Mus musculus
BIOMD0000000140	R-MMU-933542	4.9960036108132044E-15	https://reactome.org/PathwayBrowser/#/R-MMU-933542	TRAF6 mediated NF-kB activation	IEA	Mus musculus
BIOMD0000000140	R-MMU-1169091	2.5646151868841116E-14	https://reactome.org/PathwayBrowser/#/R-MMU-1169091	Activation of NF-kappaB in B cells	IEA	Mus musculus
BIOMD0000000140	R-MMU-445989	7.09432512735475E-14	https://reactome.org/PathwayBrowser/#/R-MMU-445989	TAK1 activates NFkB by phosphorylation and activation of IKKs complex	IEA	Mus musculus
BIOMD0000000140	R-MMU-5684264	2.6694113586245294E-10	https://reactome.org/PathwayBrowser/#/R-MMU-5684264	MAP3K8 (TPL2)-dependent MAPK1/3 activation	IEA	Mus musculus
BIOMD0000000140	R-MMU-209560	9.53513704660125E-8	https://reactome.org/PathwayBrowser/#/R-MMU-209560	NF-kB is activated and signals survival	IEA	Mus musculus
BIOMD0000000090	R-SCE-174362	1.765460144036446E-4	https://reactome.org/PathwayBrowser/#/R-SCE-174362	Transport and synthesis of PAPS	IEA	Saccharomyces cerevisiae
BIOMD0000000007	R-SPO-69202	1.263490355452035E-6	https://reactome.org/PathwayBrowser/#/R-SPO-69202	Cyclin E associated events during G1/S transition 	IEA	Schizosaccharomyces pombe
BIOMD0000000007	R-SPO-156711	2.6158896892036765E-4	https://reactome.org/PathwayBrowser/#/R-SPO-156711	Polo-like kinase mediated events	IEA	Schizosaccharomyces pombe
BIOMD0000000466	R-HSA-2428933	1.5361933947133366E-11	https://reactome.org/PathwayBrowser/#/R-HSA-2428933	SHC-related events triggered by IGF1R	IEA	Homo sapiens
BIOMD0000000466	R-HSA-1250196	2.0377566301021943E-10	https://reactome.org/PathwayBrowser/#/R-HSA-1250196	SHC1 events in ERBB2 signaling	IEA	Homo sapiens
BIOMD0000000466	R-HSA-9034864	2.0377566301021943E-10	https://reactome.org/PathwayBrowser/#/R-HSA-9034864	Activated NTRK3 signals through RAS	IEA	Homo sapiens
BIOMD0000000466	R-HSA-354192	2.0377566301021943E-10	https://reactome.org/PathwayBrowser/#/R-HSA-354192	Integrin alphaIIb beta3 signaling	IEA	Homo sapiens
BIOMD0000000466	R-HSA-9026519	2.9611513241434295E-10	https://reactome.org/PathwayBrowser/#/R-HSA-9026519	Activated NTRK2 signals through RAS	IEA	Homo sapiens
BIOMD0000000466	R-HSA-76009	1.4179890595045208E-9	https://reactome.org/PathwayBrowser/#/R-HSA-76009	Platelet Aggregation (Plug Formation)	IEA	Homo sapiens
BIOMD0000000466	R-HSA-177929	5.042634421137393E-9	https://reactome.org/PathwayBrowser/#/R-HSA-177929	Signaling by EGFR	IEA	Homo sapiens
BIOMD0000000466	R-HSA-2871796	1.0425392216184548E-8	https://reactome.org/PathwayBrowser/#/R-HSA-2871796	FCERI mediated MAPK activation	IEA	Homo sapiens
BIOMD0000000466	R-HSA-5654704	5.042634421137393E-9	https://reactome.org/PathwayBrowser/#/R-HSA-5654704	SHC-mediated cascade:FGFR3	IEA	Homo sapiens
BIOMD0000000466	R-HSA-167044	5.042634421137393E-9	https://reactome.org/PathwayBrowser/#/R-HSA-167044	Signalling to RAS	IEA	Homo sapiens
BIOMD0000000466	R-HSA-5654719	5.687433968226685E-9	https://reactome.org/PathwayBrowser/#/R-HSA-5654719	SHC-mediated cascade:FGFR4	IEA	Homo sapiens
BIOMD0000000466	R-HSA-5654688	1.011145300822136E-8	https://reactome.org/PathwayBrowser/#/R-HSA-5654688	SHC-mediated cascade:FGFR1	IEA	Homo sapiens
BIOMD0000000466	R-HSA-5654699	1.4433325090656979E-8	https://reactome.org/PathwayBrowser/#/R-HSA-5654699	SHC-mediated cascade:FGFR2	IEA	Homo sapiens
BIOMD0000000466	R-HSA-8851805	5.069586417327798E-8	https://reactome.org/PathwayBrowser/#/R-HSA-8851805	MET activates RAS signaling	IEA	Homo sapiens
BIOMD0000000466	R-HSA-180336	9.869705319687228E-8	https://reactome.org/PathwayBrowser/#/R-HSA-180336	SHC1 events in EGFR signaling	IEA	Homo sapiens
BIOMD0000000466	R-HSA-9027284	9.869705319687228E-8	https://reactome.org/PathwayBrowser/#/R-HSA-9027284	Erythropoietin activates RAS	IEA	Homo sapiens
BIOMD0000000466	R-HSA-354194	9.869705319687228E-8	https://reactome.org/PathwayBrowser/#/R-HSA-354194	GRB2:SOS provides linkage to MAPK signaling for Integrins 	IEA	Homo sapiens
BIOMD0000000466	R-HSA-1250347	1.421708526461174E-7	https://reactome.org/PathwayBrowser/#/R-HSA-1250347	SHC1 events in ERBB4 signaling	IEA	Homo sapiens
BIOMD0000000466	R-HSA-2424491	1.1654447307218874E-6	https://reactome.org/PathwayBrowser/#/R-HSA-2424491	DAP12 signaling	IEA	Homo sapiens
BIOMD0000000466	R-HSA-112412	1.7576332589364085E-6	https://reactome.org/PathwayBrowser/#/R-HSA-112412	SOS-mediated signalling	IEA	Homo sapiens
BIOMD0000000466	R-HSA-74749	3.4255193348542434E-6	https://reactome.org/PathwayBrowser/#/R-HSA-74749	Signal attenuation	IEA	Homo sapiens
BIOMD0000000466	R-HSA-179812	7.48749875789656E-6	https://reactome.org/PathwayBrowser/#/R-HSA-179812	GRB2 events in EGFR signaling	IEA	Homo sapiens
BIOMD0000000466	R-HSA-1963640	1.8615888612849574E-5	https://reactome.org/PathwayBrowser/#/R-HSA-1963640	GRB2 events in ERBB2 signaling	IEA	Homo sapiens
BIOMD0000000466	R-HSA-912526	3.972354880366069E-5	https://reactome.org/PathwayBrowser/#/R-HSA-912526	Interleukin receptor SHC signaling	IEA	Homo sapiens
BIOMD0000000466	R-HSA-203641	1.0199654368170386E-4	https://reactome.org/PathwayBrowser/#/R-HSA-203641	NOSTRIN mediated eNOS trafficking	IEA	Homo sapiens
BIOMD0000000466	R-HSA-418885	7.765597276492286E-4	https://reactome.org/PathwayBrowser/#/R-HSA-418885	DCC mediated attractive signaling	IEA	Homo sapiens
BIOMD0000000466	R-HSA-171007	7.765597276492286E-4	https://reactome.org/PathwayBrowser/#/R-HSA-171007	p38MAPK events	IEA	Homo sapiens
BIOMD0000000466	R-HSA-2730905	0.0013174166879312832	https://reactome.org/PathwayBrowser/#/R-HSA-2730905	Role of LAT2/NTAL/LAB on calcium mobilization	IEA	Homo sapiens
BIOMD0000000466	R-HSA-372708	7.765597276492286E-4	https://reactome.org/PathwayBrowser/#/R-HSA-372708	p130Cas linkage to MAPK signaling for integrins	IEA	Homo sapiens
BIOMD0000000466	R-HSA-180292	7.765597276492286E-4	https://reactome.org/PathwayBrowser/#/R-HSA-180292	GAB1 signalosome	IEA	Homo sapiens
BIOMD0000000466	R-HSA-450321	0.0012939714504609512	https://reactome.org/PathwayBrowser/#/R-HSA-450321	JNK (c-Jun kinases) phosphorylation and  activation mediated by activated human TAK1	IEA	Homo sapiens
BIOMD0000000466	R-HSA-8874081	0.0023867500150465126	https://reactome.org/PathwayBrowser/#/R-HSA-8874081	MET activates PTK2 signaling	IEA	Homo sapiens
BIOMD0000000466	R-HSA-203615	4.906725434118409E-4	https://reactome.org/PathwayBrowser/#/R-HSA-203615	eNOS activation	IEA	Homo sapiens
BIOMD0000000466	R-HSA-6802948	0.0036049043346320087	https://reactome.org/PathwayBrowser/#/R-HSA-6802948	Signaling by high-kinase activity BRAF mutants	IEA	Homo sapiens
BIOMD0000000526	R-HSA-5218900	2.8421709430404007E-13	https://reactome.org/PathwayBrowser/#/R-HSA-5218900	CASP8 activity is inhibited	IEA	Homo sapiens
BIOMD0000000526	R-HSA-140534	8.79296635503124E-13	https://reactome.org/PathwayBrowser/#/R-HSA-140534	Caspase activation via Death Receptors in the presence of ligand	IEA	Homo sapiens
BIOMD0000000526	R-HSA-5675482	1.042055330913172E-12	https://reactome.org/PathwayBrowser/#/R-HSA-5675482	Regulation of necroptotic cell death	IEA	Homo sapiens
BIOMD0000000526	R-HSA-69416	7.2442052356791464E-12	https://reactome.org/PathwayBrowser/#/R-HSA-69416	Dimerization of procaspase-8	IEA	Homo sapiens
BIOMD0000000526	R-HSA-3371378	7.2442052356791464E-12	https://reactome.org/PathwayBrowser/#/R-HSA-3371378	Regulation by c-FLIP	IEA	Homo sapiens
BIOMD0000000526	R-HSA-75157	1.5768453209830113E-10	https://reactome.org/PathwayBrowser/#/R-HSA-75157	FasL/ CD95L signaling	IEA	Homo sapiens
BIOMD0000000526	R-HSA-75108	4.210430858131442E-5	https://reactome.org/PathwayBrowser/#/R-HSA-75108	Activation, myristolyation of BID and translocation to mitochondria	IEA	Homo sapiens
BIOMD0000000526	R-HSA-9013957	9.462183518327283E-5	https://reactome.org/PathwayBrowser/#/R-HSA-9013957	TLR3-mediated TICAM1-dependent programmed cell death	IEA	Homo sapiens
BIOMD0000000526	R-HSA-2562578	2.1251880393646783E-4	https://reactome.org/PathwayBrowser/#/R-HSA-2562578	TRIF-mediated programmed cell death	IEA	Homo sapiens
BIOMD0000000526	R-HSA-933543	3.017090372892106E-4	https://reactome.org/PathwayBrowser/#/R-HSA-933543	NF-kB activation through FADD/RIP-1 pathway mediated by caspase-8 and -10	IEA	Homo sapiens
BIOMD0000000526	R-HSA-5357786	4.101703269521195E-4	https://reactome.org/PathwayBrowser/#/R-HSA-5357786	TNFR1-induced proapoptotic signaling	IEA	Homo sapiens
BIOMD0000000171	R-DME-432490	1.2818268235847974E-5	https://reactome.org/PathwayBrowser/#/R-DME-432490	Nuclear import of PER and TIM	IEA	Drosophila melanogaste
BIOMD0000000171	R-DME-538898	2.3248525662600272E-5	https://reactome.org/PathwayBrowser/#/R-DME-538898	Dephosphorylation of TIM	IEA	Drosophila melanogaste
BIOMD0000000171	R-DME-432501	2.3248525662600272E-5	https://reactome.org/PathwayBrowser/#/R-DME-432501	Transcription repression by PER and activation by PDP1	IEA	Drosophila melanogaste
BIOMD0000000171	R-DME-432620	2.5612968063359887E-5	https://reactome.org/PathwayBrowser/#/R-DME-432620	Dephosphorylation of PER	IEA	Drosophila melanogaste
BIOMD0000000171	R-DME-432553	8.345783230312431E-5	https://reactome.org/PathwayBrowser/#/R-DME-432553	Phosphorylation of PER and TIM	IEA	Drosophila melanogaste
BIOMD0000000171	R-DME-432395	3.044477794806877E-4	https://reactome.org/PathwayBrowser/#/R-DME-432395	Degradation of TIM	IEA	Drosophila melanogaste
BIOMD0000000171	R-DME-432626	8.116959927300105E-4	https://reactome.org/PathwayBrowser/#/R-DME-432626	Circadian Clock pathway	IEA	Drosophila melanogaste
BIOMD0000000159	R-HSA-6804760	1.5027470095363427E-4	https://reactome.org/PathwayBrowser/#/R-HSA-6804760	Regulation of TP53 Activity through Methylation	IEA	Homo sapiens
BIOMD0000000159	R-HSA-6804757	2.079146407727439E-4	https://reactome.org/PathwayBrowser/#/R-HSA-6804757	Regulation of TP53 Degradation	IEA	Homo sapiens
BIOMD0000000159	R-HSA-69541	3.69611817666593E-4	https://reactome.org/PathwayBrowser/#/R-HSA-69541	Stabilization of p53	IEA	Homo sapiens
BIOMD0000000159	R-HSA-69563	3.69611817666593E-4	https://reactome.org/PathwayBrowser/#/R-HSA-69563	p53-Dependent G1 DNA Damage Response	IEA	Homo sapiens
BIOMD0000000159	R-HSA-6804756	5.156660376580691E-4	https://reactome.org/PathwayBrowser/#/R-HSA-6804756	Regulation of TP53 Activity through Phosphorylation	IEA	Homo sapiens
BIOMD0000000159	R-HSA-6804754	0.0017879492079508896	https://reactome.org/PathwayBrowser/#/R-HSA-6804754	Regulation of TP53 Expression	IEA	Homo sapiens
BIOMD0000000159	R-HSA-69895	0.0023794160429035927	https://reactome.org/PathwayBrowser/#/R-HSA-69895	Transcriptional  activation of  cell cycle inhibitor p21 	IEA	Homo sapiens
BIOMD0000000159	R-HSA-6803211	0.004289159698643186	https://reactome.org/PathwayBrowser/#/R-HSA-6803211	TP53 Regulates Transcription of Death Receptors and Ligands	IEA	Homo sapiens
BIOMD0000000159	R-HSA-6803207	0.004289159698643186	https://reactome.org/PathwayBrowser/#/R-HSA-6803207	TP53 Regulates Transcription of Caspase Activators and Caspases	IEA	Homo sapiens
BIOMD0000000223	R-HSA-1251932	2.9145782466155623E-5	https://reactome.org/PathwayBrowser/#/R-HSA-1251932	PLCG1 events in ERBB2 signaling	IEA	Homo sapiens
BIOMD0000000223	R-HSA-212718	3.1061415787903E-5	https://reactome.org/PathwayBrowser/#/R-HSA-212718	EGFR interacts with phospholipase C-gamma	IEA	Homo sapiens
BIOMD0000000223	R-HSA-5638303	2.9145782466155623E-5	https://reactome.org/PathwayBrowser/#/R-HSA-5638303	Inhibition of Signaling by Overexpressed EGFR	IEA	Homo sapiens
BIOMD0000000223	R-HSA-179812	4.65671167280135E-5	https://reactome.org/PathwayBrowser/#/R-HSA-179812	GRB2 events in EGFR signaling	IEA	Homo sapiens
BIOMD0000000223	R-HSA-8847993	4.65671167280135E-5	https://reactome.org/PathwayBrowser/#/R-HSA-8847993	ERBB2 Activates PTK6 Signaling	IEA	Homo sapiens
BIOMD0000000223	R-HSA-180336	4.65671167280135E-5	https://reactome.org/PathwayBrowser/#/R-HSA-180336	SHC1 events in EGFR signaling	IEA	Homo sapiens
BIOMD0000000223	R-HSA-6785631	4.65671167280135E-5	https://reactome.org/PathwayBrowser/#/R-HSA-6785631	ERBB2 Regulates Cell Motility	IEA	Homo sapiens
BIOMD0000000223	R-HSA-180292	4.65671167280135E-5	https://reactome.org/PathwayBrowser/#/R-HSA-180292	GAB1 signalosome	IEA	Homo sapiens
BIOMD0000000223	R-HSA-5637810	4.65671167280135E-5	https://reactome.org/PathwayBrowser/#/R-HSA-5637810	Constitutive Signaling by EGFRvIII	IEA	Homo sapiens
BIOMD0000000223	R-HSA-1250196	6.900661534625652E-5	https://reactome.org/PathwayBrowser/#/R-HSA-1250196	SHC1 events in ERBB2 signaling	IEA	Homo sapiens
BIOMD0000000223	R-HSA-182971	6.900661534625652E-5	https://reactome.org/PathwayBrowser/#/R-HSA-182971	EGFR downregulation	IEA	Homo sapiens
BIOMD0000000223	R-HSA-1236382	4.79028391225933E-5	https://reactome.org/PathwayBrowser/#/R-HSA-1236382	Constitutive Signaling by Ligand-Responsive EGFR Cancer Variants	IEA	Homo sapiens
BIOMD0000000223	R-HSA-177929	1.8367699978227847E-4	https://reactome.org/PathwayBrowser/#/R-HSA-177929	Signaling by EGFR	IEA	Homo sapiens
BIOMD0000000223	R-HSA-74713	0.001822562397361338	https://reactome.org/PathwayBrowser/#/R-HSA-74713	IRS activation	IEA	Homo sapiens
BIOMD0000000223	R-HSA-8857538	0.001822562397361338	https://reactome.org/PathwayBrowser/#/R-HSA-8857538	PTK6 promotes HIF1A stabilization	IEA	Homo sapiens
BIOMD0000000193	R-HSA-141444	3.572913076510531E-10	https://reactome.org/PathwayBrowser/#/R-HSA-141444	Amplification  of signal from unattached  kinetochores via a MAD2  inhibitory signal	IEA	Homo sapiens
BIOMD0000000193	R-HSA-141430	3.572913076510531E-10	https://reactome.org/PathwayBrowser/#/R-HSA-141430	Inactivation of APC/C via direct inhibition of the APC/C complex	IEA	Homo sapiens
BIOMD0000000193	R-HSA-141405	3.572913076510531E-10	https://reactome.org/PathwayBrowser/#/R-HSA-141405	Inhibition of the proteolytic activity of APC/C required for the onset of anaphase by mitotic spindle checkpoint components	IEA	Homo sapiens
BIOMD0000000193	R-HSA-179409	6.228434434873975E-10	https://reactome.org/PathwayBrowser/#/R-HSA-179409	APC-Cdc20 mediated degradation of Nek2A	IEA	Homo sapiens
BIOMD0000000193	R-HSA-2467813	4.243354667643473E-9	https://reactome.org/PathwayBrowser/#/R-HSA-2467813	Separation of Sister Chromatids	IEA	Homo sapiens
BIOMD0000000193	R-HSA-174184	1.708219765639285E-8	https://reactome.org/PathwayBrowser/#/R-HSA-174184	Cdc20:Phospho-APC/C mediated degradation of Cyclin A	IEA	Homo sapiens
BIOMD0000000193	R-HSA-176409	1.7367616456098744E-8	https://reactome.org/PathwayBrowser/#/R-HSA-176409	APC/C:Cdc20 mediated degradation of mitotic proteins	IEA	Homo sapiens
BIOMD0000000193	R-HSA-176408	1.7367616456098744E-8	https://reactome.org/PathwayBrowser/#/R-HSA-176408	Regulation of APC/C activators between G1/S and early anaphase	IEA	Homo sapiens
BIOMD0000000193	R-HSA-176417	0.002679287554549159	https://reactome.org/PathwayBrowser/#/R-HSA-176417	Phosphorylation of Emi1	IEA	Homo sapiens
BIOMD0000000634	R-HSA-6804760	3.9358724712723614E-7	https://reactome.org/PathwayBrowser/#/R-HSA-6804760	Regulation of TP53 Activity through Methylation	IEA	Homo sapiens
BIOMD0000000634	R-HSA-6804757	1.5275899736266751E-6	https://reactome.org/PathwayBrowser/#/R-HSA-6804757	Regulation of TP53 Degradation	IEA	Homo sapiens
BIOMD0000000634	R-HSA-69541	3.6317788443263055E-6	https://reactome.org/PathwayBrowser/#/R-HSA-69541	Stabilization of p53	IEA	Homo sapiens
BIOMD0000000634	R-HSA-69563	5.377132644146521E-6	https://reactome.org/PathwayBrowser/#/R-HSA-69563	p53-Dependent G1 DNA Damage Response	IEA	Homo sapiens
BIOMD0000000634	R-HSA-6804756	1.4470109982234192E-5	https://reactome.org/PathwayBrowser/#/R-HSA-6804756	Regulation of TP53 Activity through Phosphorylation	IEA	Homo sapiens
BIOMD0000000634	R-HSA-349425	1.665042824132712E-4	https://reactome.org/PathwayBrowser/#/R-HSA-349425	Autodegradation of the E3 ubiquitin ligase COP1	IEA	Homo sapiens
BIOMD0000000634	R-HSA-5693565	2.6773582325878564E-4	https://reactome.org/PathwayBrowser/#/R-HSA-5693565	Recruitment and ATM-mediated phosphorylation of repair and signaling proteins at DNA double strand breaks	IEA	Homo sapiens
BIOMD0000000634	R-HSA-2559586	3.0376611527693775E-4	https://reactome.org/PathwayBrowser/#/R-HSA-2559586	DNA Damage/Telomere Stress Induced Senescence	IEA	Homo sapiens
BIOMD0000000634	R-HSA-6803207	0.0013200927549367192	https://reactome.org/PathwayBrowser/#/R-HSA-6803207	TP53 Regulates Transcription of Caspase Activators and Caspases	IEA	Homo sapiens
BIOMD0000000634	R-HSA-6803204	0.0030996364096042006	https://reactome.org/PathwayBrowser/#/R-HSA-6803204	TP53 Regulates Transcription of Genes Involved in Cytochrome C Release	IEA	Homo sapiens
BIOMD0000000634	R-HSA-5689880	0.0033608507267657295	https://reactome.org/PathwayBrowser/#/R-HSA-5689880	Ub-specific processing proteases	IEA	Homo sapiens
BIOMD0000000152	R-HSA-180024	4.5357060018957895E-7	https://reactome.org/PathwayBrowser/#/R-HSA-180024	DARPP-32 events	IEA	Homo sapiens
BIOMD0000000152	R-HSA-111957	5.88123533042828E-4	https://reactome.org/PathwayBrowser/#/R-HSA-111957	Cam-PDE 1 activation	IEA	Homo sapiens
BIOMD0000000152	R-HSA-442720	0.0020568406418810525	https://reactome.org/PathwayBrowser/#/R-HSA-442720	CREB1 phosphorylation through the activation of Adenylate Cyclase	IEA	Homo sapiens
BIOMD0000000152	R-HSA-163615	0.0020568406418810525	https://reactome.org/PathwayBrowser/#/R-HSA-163615	PKA activation	IEA	Homo sapiens
BIOMD0000000152	R-HSA-5210891	0.0020568406418810525	https://reactome.org/PathwayBrowser/#/R-HSA-5210891	Uptake and function of anthrax toxins	IEA	Homo sapiens
BIOMD0000000152	R-HSA-8862803	0.0023112388189916455	https://reactome.org/PathwayBrowser/#/R-HSA-8862803	Deregulated CDK5 triggers multiple neurodegenerative pathways in Alzheimer's disease models	IEA	Homo sapiens
BIOMD0000000152	R-HSA-111997	0.0034331613834506225	https://reactome.org/PathwayBrowser/#/R-HSA-111997	CaM pathway	IEA	Homo sapiens
BIOMD0000000152	R-HSA-111933	0.0034331613834506225	https://reactome.org/PathwayBrowser/#/R-HSA-111933	Calmodulin induced events	IEA	Homo sapiens
BIOMD0000000152	R-HSA-1489509	0.004697648261767995	https://reactome.org/PathwayBrowser/#/R-HSA-1489509	DAG and IP3 signaling	IEA	Homo sapiens
BIOMD0000000153	R-HSA-180024	4.5357060018957895E-7	https://reactome.org/PathwayBrowser/#/R-HSA-180024	DARPP-32 events	IEA	Homo sapiens
BIOMD0000000153	R-HSA-111957	5.88123533042828E-4	https://reactome.org/PathwayBrowser/#/R-HSA-111957	Cam-PDE 1 activation	IEA	Homo sapiens
BIOMD0000000153	R-HSA-442720	0.0020568406418810525	https://reactome.org/PathwayBrowser/#/R-HSA-442720	CREB1 phosphorylation through the activation of Adenylate Cyclase	IEA	Homo sapiens
BIOMD0000000153	R-HSA-163615	0.0020568406418810525	https://reactome.org/PathwayBrowser/#/R-HSA-163615	PKA activation	IEA	Homo sapiens
BIOMD0000000153	R-HSA-5210891	0.0020568406418810525	https://reactome.org/PathwayBrowser/#/R-HSA-5210891	Uptake and function of anthrax toxins	IEA	Homo sapiens
BIOMD0000000153	R-HSA-8862803	0.0023112388189916455	https://reactome.org/PathwayBrowser/#/R-HSA-8862803	Deregulated CDK5 triggers multiple neurodegenerative pathways in Alzheimer's disease models	IEA	Homo sapiens
BIOMD0000000153	R-HSA-111997	0.0034331613834506225	https://reactome.org/PathwayBrowser/#/R-HSA-111997	CaM pathway	IEA	Homo sapiens
BIOMD0000000153	R-HSA-111933	0.0034331613834506225	https://reactome.org/PathwayBrowser/#/R-HSA-111933	Calmodulin induced events	IEA	Homo sapiens
BIOMD0000000153	R-HSA-1489509	0.004697648261767995	https://reactome.org/PathwayBrowser/#/R-HSA-1489509	DAG and IP3 signaling	IEA	Homo sapiens
BIOMD0000000298	R-DME-432490	1.2818268235847974E-5	https://reactome.org/PathwayBrowser/#/R-DME-432490	Nuclear import of PER and TIM	IEA	Drosophila melanogaste
BIOMD0000000298	R-DME-538898	2.3248525662600272E-5	https://reactome.org/PathwayBrowser/#/R-DME-538898	Dephosphorylation of TIM	IEA	Drosophila melanogaste
BIOMD0000000298	R-DME-432501	2.3248525662600272E-5	https://reactome.org/PathwayBrowser/#/R-DME-432501	Transcription repression by PER and activation by PDP1	IEA	Drosophila melanogaste
BIOMD0000000298	R-DME-432620	2.5612968063359887E-5	https://reactome.org/PathwayBrowser/#/R-DME-432620	Dephosphorylation of PER	IEA	Drosophila melanogaste
BIOMD0000000298	R-DME-432553	8.345783230312431E-5	https://reactome.org/PathwayBrowser/#/R-DME-432553	Phosphorylation of PER and TIM	IEA	Drosophila melanogaste
BIOMD0000000298	R-DME-432395	3.044477794806877E-4	https://reactome.org/PathwayBrowser/#/R-DME-432395	Degradation of TIM	IEA	Drosophila melanogaste
BIOMD0000000298	R-DME-432626	8.116959927300105E-4	https://reactome.org/PathwayBrowser/#/R-DME-432626	Circadian Clock pathway	IEA	Drosophila melanogaste
BIOMD0000000210	R-HSA-452723	1.226812624821605E-7	https://reactome.org/PathwayBrowser/#/R-HSA-452723	Transcriptional regulation of pluripotent stem cells	IEA	Homo sapiens
BIOMD0000000210	R-HSA-383280	1.5229680361272813E-6	https://reactome.org/PathwayBrowser/#/R-HSA-383280	Nuclear Receptor transcription pathway	IEA	Homo sapiens
BIOMD0000000210	R-HSA-2892245	5.768667413752482E-6	https://reactome.org/PathwayBrowser/#/R-HSA-2892245	POU5F1 (OCT4), SOX2, NANOG repress genes related to differentiation	IEA	Homo sapiens
BIOMD0000000175	R-HSA-1963642	2.220446049250313E-15	https://reactome.org/PathwayBrowser/#/R-HSA-1963642	PI3K events in ERBB2 signaling	IEA	Homo sapiens
BIOMD0000000175	R-HSA-8847993	2.220446049250313E-15	https://reactome.org/PathwayBrowser/#/R-HSA-8847993	ERBB2 Activates PTK6 Signaling	IEA	Homo sapiens
BIOMD0000000175	R-HSA-1963640	2.220446049250313E-15	https://reactome.org/PathwayBrowser/#/R-HSA-1963640	GRB2 events in ERBB2 signaling	IEA	Homo sapiens
BIOMD0000000175	R-HSA-6785631	2.220446049250313E-15	https://reactome.org/PathwayBrowser/#/R-HSA-6785631	ERBB2 Regulates Cell Motility	IEA	Homo sapiens
BIOMD0000000175	R-HSA-1236394	2.220446049250313E-15	https://reactome.org/PathwayBrowser/#/R-HSA-1236394	Signaling by ERBB4	IEA	Homo sapiens
BIOMD0000000175	R-HSA-2219530	2.220446049250313E-15	https://reactome.org/PathwayBrowser/#/R-HSA-2219530	Constitutive Signaling by Aberrant PI3K in Cancer	IEA	Homo sapiens
BIOMD0000000175	R-HSA-1227986	2.220446049250313E-15	https://reactome.org/PathwayBrowser/#/R-HSA-1227986	Signaling by ERBB2	IEA	Homo sapiens
BIOMD0000000175	R-HSA-8863795	2.220446049250313E-15	https://reactome.org/PathwayBrowser/#/R-HSA-8863795	Downregulation of ERBB2 signaling	IEA	Homo sapiens
BIOMD0000000175	R-HSA-1250196	2.220446049250313E-15	https://reactome.org/PathwayBrowser/#/R-HSA-1250196	SHC1 events in ERBB2 signaling	IEA	Homo sapiens
BIOMD0000000175	R-HSA-199418	2.220446049250313E-15	https://reactome.org/PathwayBrowser/#/R-HSA-199418	Negative regulation of the PI3K/AKT network	IEA	Homo sapiens
BIOMD0000000175	R-HSA-5673001	2.220446049250313E-15	https://reactome.org/PathwayBrowser/#/R-HSA-5673001	RAF/MAP kinase cascade	IEA	Homo sapiens
BIOMD0000000175	R-HSA-9607240	2.220446049250313E-15	https://reactome.org/PathwayBrowser/#/R-HSA-9607240	FLT3 Signaling	IEA	Homo sapiens
BIOMD0000000175	R-HSA-5637810	9.43689570931383E-15	https://reactome.org/PathwayBrowser/#/R-HSA-5637810	Constitutive Signaling by EGFRvIII	IEA	Homo sapiens
BIOMD0000000175	R-HSA-1236382	1.6009416015094757E-13	https://reactome.org/PathwayBrowser/#/R-HSA-1236382	Constitutive Signaling by Ligand-Responsive EGFR Cancer Variants	IEA	Homo sapiens
BIOMD0000000175	R-HSA-1250347	2.440270208126094E-13	https://reactome.org/PathwayBrowser/#/R-HSA-1250347	SHC1 events in ERBB4 signaling	IEA	Homo sapiens
BIOMD0000000175	R-HSA-177929	3.4225955403144326E-12	https://reactome.org/PathwayBrowser/#/R-HSA-177929	Signaling by EGFR	IEA	Homo sapiens
BIOMD0000000175	R-HSA-180292	7.113021283089438E-11	https://reactome.org/PathwayBrowser/#/R-HSA-180292	GAB1 signalosome	IEA	Homo sapiens
BIOMD0000000175	R-HSA-74751	8.170933929463331E-10	https://reactome.org/PathwayBrowser/#/R-HSA-74751	Insulin receptor signalling cascade	IEA	Homo sapiens
BIOMD0000000175	R-HSA-1250342	1.1210622430368744E-9	https://reactome.org/PathwayBrowser/#/R-HSA-1250342	PI3K events in ERBB4 signaling	IEA	Homo sapiens
BIOMD0000000175	R-HSA-179812	1.3741567883585049E-9	https://reactome.org/PathwayBrowser/#/R-HSA-179812	GRB2 events in EGFR signaling	IEA	Homo sapiens
BIOMD0000000175	R-HSA-1358803	1.3741567883585049E-9	https://reactome.org/PathwayBrowser/#/R-HSA-1358803	Downregulation of ERBB2:ERBB3 signaling	IEA	Homo sapiens
BIOMD0000000175	R-HSA-5675221	2.809976584750018E-9	https://reactome.org/PathwayBrowser/#/R-HSA-5675221	Negative regulation of MAPK pathway	IEA	Homo sapiens
BIOMD0000000175	R-HSA-180336	2.8278682728810622E-9	https://reactome.org/PathwayBrowser/#/R-HSA-180336	SHC1 events in EGFR signaling	IEA	Homo sapiens
BIOMD0000000175	R-HSA-1306955	4.47095038769163E-9	https://reactome.org/PathwayBrowser/#/R-HSA-1306955	GRB7 events in ERBB2 signaling	IEA	Homo sapiens
BIOMD0000000175	R-HSA-112409	1.6644620348671424E-8	https://reactome.org/PathwayBrowser/#/R-HSA-112409	RAF-independent MAPK1/3 activation	IEA	Homo sapiens
BIOMD0000000175	R-HSA-112399	1.8695957448855438E-8	https://reactome.org/PathwayBrowser/#/R-HSA-112399	IRS-mediated signalling	IEA	Homo sapiens
BIOMD0000000175	R-HSA-2428928	2.414316080390222E-8	https://reactome.org/PathwayBrowser/#/R-HSA-2428928	IRS-related events triggered by IGF1R	IEA	Homo sapiens
BIOMD0000000175	R-HSA-8851907	2.4509014817652996E-8	https://reactome.org/PathwayBrowser/#/R-HSA-8851907	MET activates PI3K/AKT signaling	IEA	Homo sapiens
BIOMD0000000175	R-HSA-9028335	3.583532470763373E-8	https://reactome.org/PathwayBrowser/#/R-HSA-9028335	Activated NTRK2 signals through PI3K	IEA	Homo sapiens
BIOMD0000000175	R-HSA-2424491	4.8210098690937286E-8	https://reactome.org/PathwayBrowser/#/R-HSA-2424491	DAP12 signaling	IEA	Homo sapiens
BIOMD0000000175	R-HSA-9027276	1.5932879293689695E-7	https://reactome.org/PathwayBrowser/#/R-HSA-9027276	Erythropoietin activates Phosphoinositide-3-kinase (PI3K)	IEA	Homo sapiens
BIOMD0000000175	R-HSA-5654710	6.383622550565349E-7	https://reactome.org/PathwayBrowser/#/R-HSA-5654710	PI-3K cascade:FGFR3	IEA	Homo sapiens
BIOMD0000000175	R-HSA-5654720	7.50580024799774E-7	https://reactome.org/PathwayBrowser/#/R-HSA-5654720	PI-3K cascade:FGFR4	IEA	Homo sapiens
BIOMD0000000175	R-HSA-167044	8.768899504296712E-7	https://reactome.org/PathwayBrowser/#/R-HSA-167044	Signalling to RAS	IEA	Homo sapiens
BIOMD0000000175	R-HSA-1251932	9.70883499373798E-7	https://reactome.org/PathwayBrowser/#/R-HSA-1251932	PLCG1 events in ERBB2 signaling	IEA	Homo sapiens
BIOMD0000000175	R-HSA-5654689	1.176286980264507E-6	https://reactome.org/PathwayBrowser/#/R-HSA-5654689	PI-3K cascade:FGFR1	IEA	Homo sapiens
BIOMD0000000175	R-HSA-5654695	1.7602409836392496E-6	https://reactome.org/PathwayBrowser/#/R-HSA-5654695	PI-3K cascade:FGFR2	IEA	Homo sapiens
BIOMD0000000175	R-HSA-389356	4.362159878201766E-6	https://reactome.org/PathwayBrowser/#/R-HSA-389356	CD28 co-stimulation	IEA	Homo sapiens
BIOMD0000000175	R-HSA-112412	4.47123883340339E-6	https://reactome.org/PathwayBrowser/#/R-HSA-112412	SOS-mediated signalling	IEA	Homo sapiens
BIOMD0000000175	R-HSA-1253288	5.943395000151952E-6	https://reactome.org/PathwayBrowser/#/R-HSA-1253288	Downregulation of ERBB4 signaling	IEA	Homo sapiens
BIOMD0000000175	R-HSA-9634635	7.705999316875989E-6	https://reactome.org/PathwayBrowser/#/R-HSA-9634635	Estrogen-stimulated signaling through PRKCZ	IEA	Homo sapiens
BIOMD0000000175	R-HSA-1251985	9.102324856957722E-6	https://reactome.org/PathwayBrowser/#/R-HSA-1251985	Nuclear signaling by ERBB4	IEA	Homo sapiens
BIOMD0000000175	R-HSA-202670	1.124362740945184E-5	https://reactome.org/PathwayBrowser/#/R-HSA-202670	ERKs are inactivated	IEA	Homo sapiens
BIOMD0000000175	R-HSA-2871796	1.245624695922487E-5	https://reactome.org/PathwayBrowser/#/R-HSA-2871796	FCERI mediated MAPK activation	IEA	Homo sapiens
BIOMD0000000175	R-HSA-8851805	1.3627662796555917E-5	https://reactome.org/PathwayBrowser/#/R-HSA-8851805	MET activates RAS signaling	IEA	Homo sapiens
BIOMD0000000175	R-HSA-109704	1.5598971907504477E-5	https://reactome.org/PathwayBrowser/#/R-HSA-109704	PI3K Cascade	IEA	Homo sapiens
BIOMD0000000175	R-HSA-389357	3.847502045761786E-5	https://reactome.org/PathwayBrowser/#/R-HSA-389357	CD28 dependent PI3K/Akt signaling	IEA	Homo sapiens
BIOMD0000000175	R-HSA-198753	3.847502045761786E-5	https://reactome.org/PathwayBrowser/#/R-HSA-198753	ERK/MAPK targets	IEA	Homo sapiens
BIOMD0000000175	R-HSA-392451	5.3178950955912185E-5	https://reactome.org/PathwayBrowser/#/R-HSA-392451	G beta:gamma signalling through PI3Kgamma	IEA	Homo sapiens
BIOMD0000000175	R-HSA-912526	5.3178950955912185E-5	https://reactome.org/PathwayBrowser/#/R-HSA-912526	Interleukin receptor SHC signaling	IEA	Homo sapiens
BIOMD0000000175	R-HSA-8865999	9.253647561613398E-5	https://reactome.org/PathwayBrowser/#/R-HSA-8865999	MET activates PTPN11	IEA	Homo sapiens
BIOMD0000000175	R-HSA-182971	1.0929081310417921E-4	https://reactome.org/PathwayBrowser/#/R-HSA-182971	EGFR downregulation	IEA	Homo sapiens
BIOMD0000000175	R-HSA-2730905	1.1275826309753434E-4	https://reactome.org/PathwayBrowser/#/R-HSA-2730905	Role of LAT2/NTAL/LAB on calcium mobilization	IEA	Homo sapiens
BIOMD0000000175	R-HSA-5663213	1.479268012041235E-4	https://reactome.org/PathwayBrowser/#/R-HSA-5663213	RHO GTPases Activate WASPs and WAVEs	IEA	Homo sapiens
BIOMD0000000175	R-HSA-5674499	2.223109307558646E-4	https://reactome.org/PathwayBrowser/#/R-HSA-5674499	Negative feedback regulation of MAPK pathway	IEA	Homo sapiens
BIOMD0000000175	R-HSA-6802948	2.223109307558646E-4	https://reactome.org/PathwayBrowser/#/R-HSA-6802948	Signaling by high-kinase activity BRAF mutants	IEA	Homo sapiens
BIOMD0000000175	R-HSA-9649948	2.223109307558646E-4	https://reactome.org/PathwayBrowser/#/R-HSA-9649948	Signaling downstream of RAS mutants	IEA	Homo sapiens
BIOMD0000000175	R-HSA-6802946	2.223109307558646E-4	https://reactome.org/PathwayBrowser/#/R-HSA-6802946	Signaling by moderate kinase activity BRAF mutants	IEA	Homo sapiens
BIOMD0000000175	R-HSA-6802955	2.223109307558646E-4	https://reactome.org/PathwayBrowser/#/R-HSA-6802955	Paradoxical activation of RAF signaling by kinase inactive BRAF	IEA	Homo sapiens
BIOMD0000000175	R-HSA-8875656	2.223109307558646E-4	https://reactome.org/PathwayBrowser/#/R-HSA-8875656	MET receptor recycling	IEA	Homo sapiens
BIOMD0000000175	R-HSA-212718	2.223109307558646E-4	https://reactome.org/PathwayBrowser/#/R-HSA-212718	EGFR interacts with phospholipase C-gamma	IEA	Homo sapiens
BIOMD0000000175	R-HSA-5674135	2.606963263237505E-4	https://reactome.org/PathwayBrowser/#/R-HSA-5674135	MAP2K and MAPK activation	IEA	Homo sapiens
BIOMD0000000175	R-HSA-8875555	3.097467367993989E-4	https://reactome.org/PathwayBrowser/#/R-HSA-8875555	MET activates RAP1 and RAC1	IEA	Homo sapiens
BIOMD0000000175	R-HSA-198203	3.097467367993989E-4	https://reactome.org/PathwayBrowser/#/R-HSA-198203	PI3K/AKT activation	IEA	Homo sapiens
BIOMD0000000175	R-HSA-5638303	3.587967332437936E-4	https://reactome.org/PathwayBrowser/#/R-HSA-5638303	Inhibition of Signaling by Overexpressed EGFR	IEA	Homo sapiens
BIOMD0000000175	R-HSA-6802952	4.0029438530397865E-4	https://reactome.org/PathwayBrowser/#/R-HSA-6802952	Signaling by BRAF and RAF fusions	IEA	Homo sapiens
BIOMD0000000175	R-HSA-389359	5.271178113669395E-4	https://reactome.org/PathwayBrowser/#/R-HSA-389359	CD28 dependent Vav1 pathway	IEA	Homo sapiens
BIOMD0000000175	R-HSA-354194	7.269219082335354E-4	https://reactome.org/PathwayBrowser/#/R-HSA-354194	GRB2:SOS provides linkage to MAPK signaling for Integrins 	IEA	Homo sapiens
BIOMD0000000175	R-HSA-6807004	0.0011289430820425883	https://reactome.org/PathwayBrowser/#/R-HSA-6807004	Negative regulation of MET activity	IEA	Homo sapiens
BIOMD0000000189	R-HSA-2559585	2.6233815120235704E-9	https://reactome.org/PathwayBrowser/#/R-HSA-2559585	Oncogene Induced Senescence	IEA	Homo sapiens
BIOMD0000000189	R-HSA-6804757	3.098146639235466E-7	https://reactome.org/PathwayBrowser/#/R-HSA-6804757	Regulation of TP53 Degradation	IEA	Homo sapiens
BIOMD0000000189	R-HSA-6804754	3.400375849560433E-5	https://reactome.org/PathwayBrowser/#/R-HSA-6804754	Regulation of TP53 Expression	IEA	Homo sapiens
BIOMD0000000189	R-HSA-69541	5.85426665233868E-5	https://reactome.org/PathwayBrowser/#/R-HSA-69541	Stabilization of p53	IEA	Homo sapiens
BIOMD0000000189	R-HSA-69563	7.75957266255789E-5	https://reactome.org/PathwayBrowser/#/R-HSA-69563	p53-Dependent G1 DNA Damage Response	IEA	Homo sapiens
BIOMD0000000189	R-HSA-6804760	5.586367930496827E-4	https://reactome.org/PathwayBrowser/#/R-HSA-6804760	Regulation of TP53 Activity through Methylation	IEA	Homo sapiens
BIOMD0000000189	R-HSA-9646304	0.002525961185661174	https://reactome.org/PathwayBrowser/#/R-HSA-9646304	Evasion of Oxidative Stress Induced Senescence Due to p14ARF Defects	IEA	Homo sapiens
BIOMD0000000189	R-HSA-9646303	0.002525961185661174	https://reactome.org/PathwayBrowser/#/R-HSA-9646303	Evasion of Oncogene Induced Senescence Due to p14ARF Defects	IEA	Homo sapiens
BIOMD0000000189	R-HSA-9645722	0.003787878290551383	https://reactome.org/PathwayBrowser/#/R-HSA-9645722	Defective Intrinsic Pathway for Apoptosis Due to p14ARF Loss of Function	IEA	Homo sapiens
BIOMD0000000189	R-HSA-9632697	0.003787878290551383	https://reactome.org/PathwayBrowser/#/R-HSA-9632697	Evasion of Oxidative Stress Induced Senescence Due to Defective p16INK4A binding to CDK4	IEA	Homo sapiens
BIOMD0000000189	R-HSA-9630791	0.003787878290551383	https://reactome.org/PathwayBrowser/#/R-HSA-9630791	Evasion of Oncogene Induced Senescence Due to Defective p16INK4A binding to CDK4	IEA	Homo sapiens
BIOMD0000000189	R-HSA-6804756	0.0046541728671776195	https://reactome.org/PathwayBrowser/#/R-HSA-6804756	Regulation of TP53 Activity through Phosphorylation	IEA	Homo sapiens
BIOMD0000000187	R-HSA-141430	1.1102230246251565E-16	https://reactome.org/PathwayBrowser/#/R-HSA-141430	Inactivation of APC/C via direct inhibition of the APC/C complex	IEA	Homo sapiens
BIOMD0000000187	R-HSA-141405	1.1102230246251565E-16	https://reactome.org/PathwayBrowser/#/R-HSA-141405	Inhibition of the proteolytic activity of APC/C required for the onset of anaphase by mitotic spindle checkpoint components	IEA	Homo sapiens
BIOMD0000000187	R-HSA-176412	1.1102230246251565E-16	https://reactome.org/PathwayBrowser/#/R-HSA-176412	Phosphorylation of the APC/C	IEA	Homo sapiens
BIOMD0000000187	R-HSA-179409	1.1102230246251565E-16	https://reactome.org/PathwayBrowser/#/R-HSA-179409	APC-Cdc20 mediated degradation of Nek2A	IEA	Homo sapiens
BIOMD0000000187	R-HSA-174048	1.1102230246251565E-16	https://reactome.org/PathwayBrowser/#/R-HSA-174048	APC/C:Cdc20 mediated degradation of Cyclin B	IEA	Homo sapiens
BIOMD0000000187	R-HSA-174184	1.1102230246251565E-16	https://reactome.org/PathwayBrowser/#/R-HSA-174184	Cdc20:Phospho-APC/C mediated degradation of Cyclin A	IEA	Homo sapiens
BIOMD0000000187	R-HSA-176409	1.1102230246251565E-16	https://reactome.org/PathwayBrowser/#/R-HSA-176409	APC/C:Cdc20 mediated degradation of mitotic proteins	IEA	Homo sapiens
BIOMD0000000187	R-HSA-174154	1.1102230246251565E-16	https://reactome.org/PathwayBrowser/#/R-HSA-174154	APC/C:Cdc20 mediated degradation of Securin	IEA	Homo sapiens
BIOMD0000000187	R-HSA-174084	1.1102230246251565E-16	https://reactome.org/PathwayBrowser/#/R-HSA-174084	Autodegradation of Cdh1 by Cdh1:APC/C	IEA	Homo sapiens
BIOMD0000000187	R-HSA-174178	1.1102230246251565E-16	https://reactome.org/PathwayBrowser/#/R-HSA-174178	APC/C:Cdh1 mediated degradation of Cdc20 and other APC/C:Cdh1 targeted proteins in late mitosis/early G1	IEA	Homo sapiens
BIOMD0000000187	R-HSA-176408	1.1102230246251565E-16	https://reactome.org/PathwayBrowser/#/R-HSA-176408	Regulation of APC/C activators between G1/S and early anaphase	IEA	Homo sapiens
BIOMD0000000187	R-HSA-176407	1.1102230246251565E-16	https://reactome.org/PathwayBrowser/#/R-HSA-176407	Conversion from APC/C:Cdc20 to APC/C:Cdh1 in late anaphase	IEA	Homo sapiens
BIOMD0000000187	R-HSA-2467813	1.1102230246251565E-16	https://reactome.org/PathwayBrowser/#/R-HSA-2467813	Separation of Sister Chromatids	IEA	Homo sapiens
BIOMD0000000187	R-HSA-141444	1.087734015181585E-5	https://reactome.org/PathwayBrowser/#/R-HSA-141444	Amplification  of signal from unattached  kinetochores via a MAD2  inhibitory signal	IEA	Homo sapiens
BIOMD0000000449	R-HSA-166208	3.494782133683927E-7	https://reactome.org/PathwayBrowser/#/R-HSA-166208	mTORC1-mediated signalling	IEA	Homo sapiens
BIOMD0000000449	R-HSA-74713	1.7207354402482E-4	https://reactome.org/PathwayBrowser/#/R-HSA-74713	IRS activation	IEA	Homo sapiens
BIOMD0000000449	R-HSA-74751	2.478676612400754E-4	https://reactome.org/PathwayBrowser/#/R-HSA-74751	Insulin receptor signalling cascade	IEA	Homo sapiens
BIOMD0000000449	R-HSA-74752	4.4979632508201917E-4	https://reactome.org/PathwayBrowser/#/R-HSA-74752	Signaling by Insulin receptor	IEA	Homo sapiens
BIOMD0000000449	R-HSA-109704	0.004447065452313215	https://reactome.org/PathwayBrowser/#/R-HSA-109704	PI3K Cascade	IEA	Homo sapiens
BIOMD0000000449	R-HSA-112399	0.00445506513436289	https://reactome.org/PathwayBrowser/#/R-HSA-112399	IRS-mediated signalling	IEA	Homo sapiens
BIOMD0000000300	R-HSA-1234158	1.2945565606159448E-6	https://reactome.org/PathwayBrowser/#/R-HSA-1234158	Regulation of gene expression by Hypoxia-inducible Factor	IEA	Homo sapiens
BIOMD0000000300	R-HSA-1234174	1.3228677180343595E-6	https://reactome.org/PathwayBrowser/#/R-HSA-1234174	Cellular response to hypoxia	IEA	Homo sapiens
BIOMD0000000300	R-HSA-1234176	6.358179220122828E-5	https://reactome.org/PathwayBrowser/#/R-HSA-1234176	Oxygen-dependent proline hydroxylation of Hypoxia-inducible Factor Alpha	IEA	Homo sapiens
BIOMD0000000300	R-HSA-8849473	5.4473275755251294E-5	https://reactome.org/PathwayBrowser/#/R-HSA-8849473	PTK6 Expression	IEA	Homo sapiens
BIOMD0000000266	R-SCE-70370	3.7302608438372076E-4	https://reactome.org/PathwayBrowser/#/R-SCE-70370	Galactose catabolism	IEA	Saccharomyces cerevisiae
BIOMD0000000266	R-SCE-70221	5.671881340356677E-4	https://reactome.org/PathwayBrowser/#/R-SCE-70221	Glycogen breakdown (glycogenolysis)	IEA	Saccharomyces cerevisiae
BIOMD0000000266	R-SCE-3322077	7.986857135415804E-4	https://reactome.org/PathwayBrowser/#/R-SCE-3322077	Glycogen synthesis	IEA	Saccharomyces cerevisiae
BIOMD0000000266	R-SCE-173599	0.0034119284769412728	https://reactome.org/PathwayBrowser/#/R-SCE-173599	Formation of the active cofactor, UDP-glucuronate	IEA	Saccharomyces cerevisiae
BIOMD0000000015	R-HSA-74217	5.662137425588298E-15	https://reactome.org/PathwayBrowser/#/R-HSA-74217	Purine salvage	IEA	Homo sapiens
BIOMD0000000015	R-HSA-83936	6.805975782953055E-9	https://reactome.org/PathwayBrowser/#/R-HSA-83936	Transport of nucleosides and free purine and pyrimidine bases across the plasma membrane	IEA	Homo sapiens
BIOMD0000000015	R-HSA-5619063	2.6702696598768227E-5	https://reactome.org/PathwayBrowser/#/R-HSA-5619063	Defective SLC29A3 causes histiocytosis-lymphadenopathy plus syndrome (HLAS)	IEA	Homo sapiens
BIOMD0000000429	R-SCE-432030	0.001325527326404563	https://reactome.org/PathwayBrowser/#/R-SCE-432030	Transport of glycerol from adipocytes to the liver by Aquaporins	IEA	Saccharomyces cerevisiae
BIOMD0000000429	R-SCE-168638	0.001325527326404563	https://reactome.org/PathwayBrowser/#/R-SCE-168638	NOD1/2 Signaling Pathway	IEA	Saccharomyces cerevisiae
BIOMD0000000429	R-SCE-450302	0.001325527326404563	https://reactome.org/PathwayBrowser/#/R-SCE-450302	activated TAK1 mediates p38 MAPK activation	IEA	Saccharomyces cerevisiae
BIOMD0000000429	R-SCE-432047	0.0015243386249563784	https://reactome.org/PathwayBrowser/#/R-SCE-432047	Passive transport by Aquaporins	IEA	Saccharomyces cerevisiae
BIOMD0000000429	R-SCE-2559580	0.004131754034369273	https://reactome.org/PathwayBrowser/#/R-SCE-2559580	Oxidative Stress Induced Senescence	IEA	Saccharomyces cerevisiae
BIOMD0000000489	R-MMU-166016	2.4424906541753444E-15	https://reactome.org/PathwayBrowser/#/R-MMU-166016	Toll Like Receptor 4 (TLR4) Cascade	IEA	Mus musculus
BIOMD0000000489	R-MMU-166166	2.4424906541753444E-15	https://reactome.org/PathwayBrowser/#/R-MMU-166166	MyD88-independent TLR4 cascade 	IEA	Mus musculus
BIOMD0000000489	R-MMU-975155	2.4424906541753444E-15	https://reactome.org/PathwayBrowser/#/R-MMU-975155	MyD88 dependent cascade initiated on endosome	IEA	Mus musculus
BIOMD0000000489	R-MMU-168181	2.4424906541753444E-15	https://reactome.org/PathwayBrowser/#/R-MMU-168181	Toll Like Receptor 7/8 (TLR7/8) Cascade	IEA	Mus musculus
BIOMD0000000489	R-MMU-445989	4.1366909897533333E-13	https://reactome.org/PathwayBrowser/#/R-MMU-445989	TAK1 activates NFkB by phosphorylation and activation of IKKs complex	IEA	Mus musculus
BIOMD0000000489	R-MMU-9020702	4.976019596369952E-13	https://reactome.org/PathwayBrowser/#/R-MMU-9020702	Interleukin-1 signaling	IEA	Mus musculus
BIOMD0000000489	R-MMU-5357956	6.734057755863887E-12	https://reactome.org/PathwayBrowser/#/R-MMU-5357956	TNFR1-induced NFkappaB signaling pathway	IEA	Mus musculus
BIOMD0000000489	R-MMU-975163	3.396394276933279E-11	https://reactome.org/PathwayBrowser/#/R-MMU-975163	IRAK2 mediated activation of TAK1 complex upon TLR7/8 or 9 stimulation	IEA	Mus musculus
BIOMD0000000489	R-MMU-937072	4.6898596117728175E-11	https://reactome.org/PathwayBrowser/#/R-MMU-937072	TRAF6-mediated induction of TAK1 complex within TLR4 complex	IEA	Mus musculus
BIOMD0000000489	R-MMU-936964	6.369127447669598E-11	https://reactome.org/PathwayBrowser/#/R-MMU-936964	Activation of IRF3/IRF7 mediated by TBK1/IKK epsilon	IEA	Mus musculus
BIOMD0000000489	R-MMU-75893	9.952838553317633E-11	https://reactome.org/PathwayBrowser/#/R-MMU-75893	TNF signaling	IEA	Mus musculus
BIOMD0000000489	R-MMU-1810476	1.2475167565639822E-9	https://reactome.org/PathwayBrowser/#/R-MMU-1810476	RIP-mediated NFkB activation via ZBP1	IEA	Mus musculus
BIOMD0000000489	R-MMU-5357786	8.339856871764084E-8	https://reactome.org/PathwayBrowser/#/R-MMU-5357786	TNFR1-induced proapoptotic signaling	IEA	Mus musculus
BIOMD0000000489	R-MMU-5357905	8.81029565968916E-8	https://reactome.org/PathwayBrowser/#/R-MMU-5357905	Regulation of TNFR1 signaling	IEA	Mus musculus
BIOMD0000000489	R-MMU-166020	1.9519671146106532E-7	https://reactome.org/PathwayBrowser/#/R-MMU-166020	Transfer of LPS from LBP carrier to CD14	IEA	Mus musculus
BIOMD0000000489	R-MMU-209560	2.0255201849117555E-7	https://reactome.org/PathwayBrowser/#/R-MMU-209560	NF-kB is activated and signals survival	IEA	Mus musculus
BIOMD0000000489	R-MMU-933542	6.346311169913577E-7	https://reactome.org/PathwayBrowser/#/R-MMU-933542	TRAF6 mediated NF-kB activation	IEA	Mus musculus
BIOMD0000000489	R-MMU-937041	7.70059923826949E-7	https://reactome.org/PathwayBrowser/#/R-MMU-937041	IKK complex recruitment mediated by RIP1	IEA	Mus musculus
BIOMD0000000489	R-MMU-1169091	1.648833217959833E-6	https://reactome.org/PathwayBrowser/#/R-MMU-1169091	Activation of NF-kappaB in B cells	IEA	Mus musculus
BIOMD0000000489	R-MMU-2871837	2.065396023764876E-6	https://reactome.org/PathwayBrowser/#/R-MMU-2871837	FCERI mediated NF-kB activation	IEA	Mus musculus
BIOMD0000000489	R-MMU-5686938	2.1050126222110777E-6	https://reactome.org/PathwayBrowser/#/R-MMU-5686938	Regulation of TLR by endogenous ligand	IEA	Mus musculus
BIOMD0000000489	R-MMU-937039	4.762824385551312E-6	https://reactome.org/PathwayBrowser/#/R-MMU-937039	IRAK1 recruits IKK complex	IEA	Mus musculus
BIOMD0000000489	R-MMU-975144	4.762824385551312E-6	https://reactome.org/PathwayBrowser/#/R-MMU-975144	IRAK1 recruits IKK complex upon TLR7/8 or 9 stimulation	IEA	Mus musculus
BIOMD0000000489	R-MMU-2562578	4.762824385551312E-6	https://reactome.org/PathwayBrowser/#/R-MMU-2562578	TRIF-mediated programmed cell death	IEA	Mus musculus
BIOMD0000000489	R-MMU-937042	6.034797245257906E-6	https://reactome.org/PathwayBrowser/#/R-MMU-937042	IRAK2 mediated activation of TAK1 complex	IEA	Mus musculus
BIOMD0000000489	R-MMU-209543	6.034797245257906E-6	https://reactome.org/PathwayBrowser/#/R-MMU-209543	p75NTR recruits signalling complexes	IEA	Mus musculus
BIOMD0000000489	R-MMU-9645460	6.4904503555007764E-6	https://reactome.org/PathwayBrowser/#/R-MMU-9645460	Alpha-protein kinase 1 signaling pathway	IEA	Mus musculus
BIOMD0000000489	R-MMU-5626978	1.1022497419888033E-4	https://reactome.org/PathwayBrowser/#/R-MMU-5626978	TNFR1-mediated ceramide production	IEA	Mus musculus
BIOMD0000000489	R-MMU-3270619	1.4979367014800182E-4	https://reactome.org/PathwayBrowser/#/R-MMU-3270619	IRF3-mediated induction of type I IFN	IEA	Mus musculus
BIOMD0000000489	R-MMU-3134963	1.4979367014800182E-4	https://reactome.org/PathwayBrowser/#/R-MMU-3134963	DEx/H-box helicases activate type I IFN and inflammatory cytokines production 	IEA	Mus musculus
BIOMD0000000489	R-MMU-5218900	3.042688816983219E-4	https://reactome.org/PathwayBrowser/#/R-MMU-5218900	CASP8 activity is inhibited	IEA	Mus musculus
BIOMD0000000489	R-MMU-5684264	6.79269442841135E-4	https://reactome.org/PathwayBrowser/#/R-MMU-5684264	MAP3K8 (TPL2)-dependent MAPK1/3 activation	IEA	Mus musculus
BIOMD0000000489	R-MMU-5675482	8.697587960908582E-4	https://reactome.org/PathwayBrowser/#/R-MMU-5675482	Regulation of necroptotic cell death	IEA	Mus musculus
BIOMD0000000489	R-MMU-1606341	0.002528786189122001	https://reactome.org/PathwayBrowser/#/R-MMU-1606341	IRF3 mediated activation of type 1 IFN	IEA	Mus musculus
BIOMD0000000088	R-HSA-5218921	2.544997546038985E-11	https://reactome.org/PathwayBrowser/#/R-HSA-5218921	VEGFR2 mediated cell proliferation	IEA	Homo sapiens
BIOMD0000000088	R-HSA-456926	3.3520741737902426E-11	https://reactome.org/PathwayBrowser/#/R-HSA-456926	Thrombin signalling through proteinase activated receptors (PARs)	IEA	Homo sapiens
BIOMD0000000088	R-HSA-112043	4.30152580221943E-11	https://reactome.org/PathwayBrowser/#/R-HSA-112043	PLC beta mediated events	IEA	Homo sapiens
BIOMD0000000088	R-HSA-416476	7.933842471885555E-11	https://reactome.org/PathwayBrowser/#/R-HSA-416476	G alpha (q) signalling events	IEA	Homo sapiens
BIOMD0000000088	R-HSA-1489509	2.2990676029621682E-10	https://reactome.org/PathwayBrowser/#/R-HSA-1489509	DAG and IP3 signaling	IEA	Homo sapiens
BIOMD0000000088	R-HSA-399997	8.30526480921634E-9	https://reactome.org/PathwayBrowser/#/R-HSA-399997	Acetylcholine regulates insulin secretion	IEA	Homo sapiens
BIOMD0000000088	R-HSA-418217	1.975950969512752E-8	https://reactome.org/PathwayBrowser/#/R-HSA-418217	G beta:gamma signalling through PLC beta	IEA	Homo sapiens
BIOMD0000000088	R-HSA-416482	2.037230704132753E-7	https://reactome.org/PathwayBrowser/#/R-HSA-416482	G alpha (12/13) signalling events	IEA	Homo sapiens
BIOMD0000000088	R-HSA-5607763	6.988367751148417E-7	https://reactome.org/PathwayBrowser/#/R-HSA-5607763	CLEC7A (Dectin-1) induces NFAT activation	IEA	Homo sapiens
BIOMD0000000088	R-HSA-434316	8.664414821168975E-7	https://reactome.org/PathwayBrowser/#/R-HSA-434316	Fatty Acids bound to GPR40 (FFAR1) regulate insulin secretion	IEA	Homo sapiens
BIOMD0000000088	R-HSA-2871809	1.8002329960076224E-6	https://reactome.org/PathwayBrowser/#/R-HSA-2871809	FCERI mediated Ca+2 mobilization	IEA	Homo sapiens
BIOMD0000000088	R-HSA-392451	3.4815206690907985E-6	https://reactome.org/PathwayBrowser/#/R-HSA-392451	G beta:gamma signalling through PI3Kgamma	IEA	Homo sapiens
BIOMD0000000088	R-HSA-5578775	5.920039386209108E-5	https://reactome.org/PathwayBrowser/#/R-HSA-5578775	Ion homeostasis	IEA	Homo sapiens
BIOMD0000000088	R-HSA-139853	9.425577334931656E-5	https://reactome.org/PathwayBrowser/#/R-HSA-139853	Elevation of cytosolic Ca2+ levels	IEA	Homo sapiens
BIOMD0000000088	R-HSA-5627117	1.0849869701701209E-4	https://reactome.org/PathwayBrowser/#/R-HSA-5627117	RHO GTPases Activate ROCKs	IEA	Homo sapiens
BIOMD0000000088	R-HSA-428930	1.3759869233798128E-4	https://reactome.org/PathwayBrowser/#/R-HSA-428930	Thromboxane signalling through TP receptor	IEA	Homo sapiens
BIOMD0000000088	R-HSA-140875	3.4219817909542094E-4	https://reactome.org/PathwayBrowser/#/R-HSA-140875	Common Pathway of Fibrin Clot Formation	IEA	Homo sapiens
BIOMD0000000088	R-HSA-111997	4.263177704042498E-4	https://reactome.org/PathwayBrowser/#/R-HSA-111997	CaM pathway	IEA	Homo sapiens
BIOMD0000000088	R-HSA-111933	4.263177704042498E-4	https://reactome.org/PathwayBrowser/#/R-HSA-111933	Calmodulin induced events	IEA	Homo sapiens
BIOMD0000000088	R-HSA-9022535	5.041870354822731E-4	https://reactome.org/PathwayBrowser/#/R-HSA-9022535	Loss of phosphorylation of MECP2 at T308	IEA	Homo sapiens
BIOMD0000000088	R-HSA-6814122	5.223711718362889E-4	https://reactome.org/PathwayBrowser/#/R-HSA-6814122	Cooperation of PDCL (PhLP1) and TRiC/CCT in G-protein beta folding	IEA	Homo sapiens
BIOMD0000000088	R-HSA-76009	7.04052429342239E-4	https://reactome.org/PathwayBrowser/#/R-HSA-76009	Platelet Aggregation (Plug Formation)	IEA	Homo sapiens
BIOMD0000000088	R-HSA-6802946	7.437224114842378E-4	https://reactome.org/PathwayBrowser/#/R-HSA-6802946	Signaling by moderate kinase activity BRAF mutants	IEA	Homo sapiens
BIOMD0000000088	R-HSA-9649948	7.437224114842378E-4	https://reactome.org/PathwayBrowser/#/R-HSA-9649948	Signaling downstream of RAS mutants	IEA	Homo sapiens
BIOMD0000000088	R-HSA-6802955	7.848196554444131E-4	https://reactome.org/PathwayBrowser/#/R-HSA-6802955	Paradoxical activation of RAF signaling by kinase inactive BRAF	IEA	Homo sapiens
BIOMD0000000088	R-HSA-114516	8.544595533632737E-4	https://reactome.org/PathwayBrowser/#/R-HSA-114516	Disinhibition of SNARE formation	IEA	Homo sapiens
BIOMD0000000088	R-HSA-442729	0.0010326885530631547	https://reactome.org/PathwayBrowser/#/R-HSA-442729	CREB1 phosphorylation through the activation of CaMKII/CaMKK/CaMKIV cascasde	IEA	Homo sapiens
BIOMD0000000088	R-HSA-9619229	0.0012275495055130703	https://reactome.org/PathwayBrowser/#/R-HSA-9619229	Activation of RAC1 downstream of NMDARs	IEA	Homo sapiens
BIOMD0000000088	R-HSA-451308	0.0012701386187141672	https://reactome.org/PathwayBrowser/#/R-HSA-451308	Activation of Ca-permeable Kainate Receptor	IEA	Homo sapiens
BIOMD0000000088	R-HSA-111932	0.0012701386187141672	https://reactome.org/PathwayBrowser/#/R-HSA-111932	CaMK IV-mediated phosphorylation of CREB	IEA	Homo sapiens
BIOMD0000000088	R-HSA-2025928	0.0013335453442220313	https://reactome.org/PathwayBrowser/#/R-HSA-2025928	Calcineurin activates NFAT	IEA	Homo sapiens
BIOMD0000000088	R-HSA-6802952	0.0014351030247929941	https://reactome.org/PathwayBrowser/#/R-HSA-6802952	Signaling by BRAF and RAF fusions	IEA	Homo sapiens
BIOMD0000000088	R-HSA-418359	0.0015290683852478004	https://reactome.org/PathwayBrowser/#/R-HSA-418359	Reduction of cytosolic Ca++ levels	IEA	Homo sapiens
BIOMD0000000088	R-HSA-425561	0.0015290683852478004	https://reactome.org/PathwayBrowser/#/R-HSA-425561	Sodium/Calcium exchangers	IEA	Homo sapiens
BIOMD0000000088	R-HSA-8964315	0.002441871311481325	https://reactome.org/PathwayBrowser/#/R-HSA-8964315	G beta:gamma signalling through BTK	IEA	Homo sapiens
BIOMD0000000088	R-HSA-354194	0.0025980818644266712	https://reactome.org/PathwayBrowser/#/R-HSA-354194	GRB2:SOS provides linkage to MAPK signaling for Integrins 	IEA	Homo sapiens
BIOMD0000000088	R-HSA-8964616	0.0025980818644266712	https://reactome.org/PathwayBrowser/#/R-HSA-8964616	G beta:gamma signalling through CDC42	IEA	Homo sapiens
BIOMD0000000088	R-HSA-372708	0.0025980818644266712	https://reactome.org/PathwayBrowser/#/R-HSA-372708	p130Cas linkage to MAPK signaling for integrins	IEA	Homo sapiens
BIOMD0000000088	R-HSA-5210891	0.0025980818644266712	https://reactome.org/PathwayBrowser/#/R-HSA-5210891	Uptake and function of anthrax toxins	IEA	Homo sapiens
BIOMD0000000088	R-HSA-5625900	0.0026711880094110185	https://reactome.org/PathwayBrowser/#/R-HSA-5625900	RHO GTPases activate CIT	IEA	Homo sapiens
BIOMD0000000088	R-HSA-392851	0.0026711880094110185	https://reactome.org/PathwayBrowser/#/R-HSA-392851	Prostacyclin signalling through prostacyclin receptor	IEA	Homo sapiens
BIOMD0000000088	R-HSA-416993	0.0026711880094110185	https://reactome.org/PathwayBrowser/#/R-HSA-416993	Trafficking of GluR2-containing AMPA receptors	IEA	Homo sapiens
BIOMD0000000088	R-HSA-416572	0.002905122006906957	https://reactome.org/PathwayBrowser/#/R-HSA-416572	Sema4D induced cell migration and growth-cone collapse	IEA	Homo sapiens
BIOMD0000000088	R-HSA-997272	0.0036639457626715943	https://reactome.org/PathwayBrowser/#/R-HSA-997272	Inhibition  of voltage gated Ca2+ channels via Gbeta/gamma subunits	IEA	Homo sapiens
BIOMD0000000088	R-HSA-1296041	0.0036639457626715943	https://reactome.org/PathwayBrowser/#/R-HSA-1296041	Activation of G protein gated Potassium channels	IEA	Homo sapiens
BIOMD0000000088	R-HSA-9617324	0.0036639457626715943	https://reactome.org/PathwayBrowser/#/R-HSA-9617324	Negative regulation of NMDA receptor-mediated neuronal transmission	IEA	Homo sapiens
BIOMD0000000088	R-HSA-442982	0.0036639457626715943	https://reactome.org/PathwayBrowser/#/R-HSA-442982	Ras activation upon Ca2+ influx through NMDA receptor	IEA	Homo sapiens
BIOMD0000000088	R-HSA-202040	0.004507586487060733	https://reactome.org/PathwayBrowser/#/R-HSA-202040	G-protein activation	IEA	Homo sapiens
BIOMD0000000088	R-HSA-392170	0.004507586487060733	https://reactome.org/PathwayBrowser/#/R-HSA-392170	ADP signalling through P2Y purinoceptor 12	IEA	Homo sapiens
BIOMD0000000088	R-HSA-9620244	0.004533868299226196	https://reactome.org/PathwayBrowser/#/R-HSA-9620244	Long-term potentiation	IEA	Homo sapiens
BIOMD0000000088	R-HSA-400042	0.004533868299226196	https://reactome.org/PathwayBrowser/#/R-HSA-400042	Adrenaline,noradrenaline inhibits insulin secretion	IEA	Homo sapiens
BIOMD0000000088	R-HSA-5626467	0.004533868299226196	https://reactome.org/PathwayBrowser/#/R-HSA-5626467	RHO GTPases activate IQGAPs	IEA	Homo sapiens
BIOMD0000000554	R-HSA-71288	9.482208613270648E-4	https://reactome.org/PathwayBrowser/#/R-HSA-71288	Creatine metabolism	IEA	Homo sapiens
BIOMD0000000192	R-HSA-165054	2.9822527780609676E-9	https://reactome.org/PathwayBrowser/#/R-HSA-165054	Rev-mediated nuclear export of HIV RNA	IEA	Homo sapiens
BIOMD0000000627	R-HSA-71288	0.0013512803739837986	https://reactome.org/PathwayBrowser/#/R-HSA-71288	Creatine metabolism	IEA	Homo sapiens
BIOMD0000000627	R-HSA-5619070	0.0048827488300422495	https://reactome.org/PathwayBrowser/#/R-HSA-5619070	Defective SLC16A1 causes symptomatic deficiency in lactate transport (SDLT)	IEA	Homo sapiens
BIOMD0000000356	R-HSA-389357	2.2018325994133114E-5	https://reactome.org/PathwayBrowser/#/R-HSA-389357	CD28 dependent PI3K/Akt signaling	IEA	Homo sapiens
BIOMD0000000356	R-HSA-5674400	2.2018325994133114E-5	https://reactome.org/PathwayBrowser/#/R-HSA-5674400	Constitutive Signaling by AKT1 E17K in Cancer	IEA	Homo sapiens
BIOMD0000000356	R-HSA-74713	9.926828042572389E-5	https://reactome.org/PathwayBrowser/#/R-HSA-74713	IRS activation	IEA	Homo sapiens
BIOMD0000000356	R-HSA-74751	9.926828042572389E-5	https://reactome.org/PathwayBrowser/#/R-HSA-74751	Insulin receptor signalling cascade	IEA	Homo sapiens
BIOMD0000000356	R-HSA-74752	2.0668763405584656E-4	https://reactome.org/PathwayBrowser/#/R-HSA-74752	Signaling by Insulin receptor	IEA	Homo sapiens
BIOMD0000000356	R-HSA-112399	0.0028027937667238767	https://reactome.org/PathwayBrowser/#/R-HSA-112399	IRS-mediated signalling	IEA	Homo sapiens
BIOMD0000000356	R-HSA-2428928	0.0028027937667238767	https://reactome.org/PathwayBrowser/#/R-HSA-2428928	IRS-related events triggered by IGF1R	IEA	Homo sapiens
BIOMD0000000288	R-HSA-5673001	1.2005914484802815E-6	https://reactome.org/PathwayBrowser/#/R-HSA-5673001	RAF/MAP kinase cascade	IEA	Homo sapiens
BIOMD0000000288	R-HSA-186797	1.2005914484802815E-6	https://reactome.org/PathwayBrowser/#/R-HSA-186797	Signaling by PDGF	IEA	Homo sapiens
BIOMD0000000288	R-HSA-5674499	1.957124140528066E-6	https://reactome.org/PathwayBrowser/#/R-HSA-5674499	Negative feedback regulation of MAPK pathway	IEA	Homo sapiens
BIOMD0000000288	R-HSA-186763	1.984137395066865E-4	https://reactome.org/PathwayBrowser/#/R-HSA-186763	Downstream signal transduction	IEA	Homo sapiens
BIOMD0000000288	R-HSA-5675221	2.818808251086047E-4	https://reactome.org/PathwayBrowser/#/R-HSA-5675221	Negative regulation of MAPK pathway	IEA	Homo sapiens
BIOMD0000000288	R-HSA-6802948	2.8077378799373776E-4	https://reactome.org/PathwayBrowser/#/R-HSA-6802948	Signaling by high-kinase activity BRAF mutants	IEA	Homo sapiens
BIOMD0000000288	R-HSA-9649948	3.575679051431857E-4	https://reactome.org/PathwayBrowser/#/R-HSA-9649948	Signaling downstream of RAS mutants	IEA	Homo sapiens
BIOMD0000000288	R-HSA-6802946	3.575679051431857E-4	https://reactome.org/PathwayBrowser/#/R-HSA-6802946	Signaling by moderate kinase activity BRAF mutants	IEA	Homo sapiens
BIOMD0000000288	R-HSA-6802955	3.575679051431857E-4	https://reactome.org/PathwayBrowser/#/R-HSA-6802955	Paradoxical activation of RAF signaling by kinase inactive BRAF	IEA	Homo sapiens
BIOMD0000000288	R-HSA-5674135	2.818808251086047E-4	https://reactome.org/PathwayBrowser/#/R-HSA-5674135	MAP2K and MAPK activation	IEA	Homo sapiens
BIOMD0000000288	R-HSA-6802952	8.864575175071554E-4	https://reactome.org/PathwayBrowser/#/R-HSA-6802952	Signaling by BRAF and RAF fusions	IEA	Homo sapiens
BIOMD0000000288	R-HSA-112409	0.003321731132741368	https://reactome.org/PathwayBrowser/#/R-HSA-112409	RAF-independent MAPK1/3 activation	IEA	Homo sapiens
BIOMD0000000288	R-HSA-5673000	0.004724599195405466	https://reactome.org/PathwayBrowser/#/R-HSA-5673000	RAF activation	IEA	Homo sapiens
BIOMD0000000230	R-MMU-1810476	4.9960036108132044E-15	https://reactome.org/PathwayBrowser/#/R-MMU-1810476	RIP-mediated NFkB activation via ZBP1	IEA	Mus musculus
BIOMD0000000230	R-MMU-933542	4.9960036108132044E-15	https://reactome.org/PathwayBrowser/#/R-MMU-933542	TRAF6 mediated NF-kB activation	IEA	Mus musculus
BIOMD0000000230	R-MMU-1169091	2.5646151868841116E-14	https://reactome.org/PathwayBrowser/#/R-MMU-1169091	Activation of NF-kappaB in B cells	IEA	Mus musculus
BIOMD0000000230	R-MMU-445989	7.09432512735475E-14	https://reactome.org/PathwayBrowser/#/R-MMU-445989	TAK1 activates NFkB by phosphorylation and activation of IKKs complex	IEA	Mus musculus
BIOMD0000000230	R-MMU-5684264	2.6694113586245294E-10	https://reactome.org/PathwayBrowser/#/R-MMU-5684264	MAP3K8 (TPL2)-dependent MAPK1/3 activation	IEA	Mus musculus
BIOMD0000000230	R-MMU-209560	9.53513704660125E-8	https://reactome.org/PathwayBrowser/#/R-MMU-209560	NF-kB is activated and signals survival	IEA	Mus musculus
BIOMD0000000502	R-SCE-71336	1.9320433253255942E-8	https://reactome.org/PathwayBrowser/#/R-SCE-71336	Pentose phosphate pathway	IEA	Saccharomyces cerevisiae
BIOMD0000000502	R-SCE-163754	0.0029265637635634834	https://reactome.org/PathwayBrowser/#/R-SCE-163754	Insulin effects increased synthesis of Xylulose-5-Phosphate	IEA	Saccharomyces cerevisiae
BIOMD0000000451	R-MMU-9020958	1.6004975122996257E-12	https://reactome.org/PathwayBrowser/#/R-MMU-9020958	Interleukin-21 signaling	IEA	Mus musculus
BIOMD0000000451	R-MMU-6785807	1.3495982109645865E-11	https://reactome.org/PathwayBrowser/#/R-MMU-6785807	Interleukin-4 and Interleukin-13 signaling	IEA	Mus musculus
BIOMD0000000451	R-MMU-9020933	1.0762446489565036E-10	https://reactome.org/PathwayBrowser/#/R-MMU-9020933	Interleukin-23 signaling	IEA	Mus musculus
BIOMD0000000451	R-MMU-8984722	1.49969370255576E-10	https://reactome.org/PathwayBrowser/#/R-MMU-8984722	Interleukin-35 Signalling	IEA	Mus musculus
BIOMD0000000451	R-MMU-1059683	2.3428992079743693E-10	https://reactome.org/PathwayBrowser/#/R-MMU-1059683	Interleukin-6 signaling	IEA	Mus musculus
BIOMD0000000451	R-MMU-8854691	3.6351657239919177E-9	https://reactome.org/PathwayBrowser/#/R-MMU-8854691	Interleukin-20 family signaling	IEA	Mus musculus
BIOMD0000000451	R-MMU-9020591	5.152058113466751E-9	https://reactome.org/PathwayBrowser/#/R-MMU-9020591	Interleukin-12 signaling	IEA	Mus musculus
BIOMD0000000451	R-MMU-877312	2.2133406774038633E-8	https://reactome.org/PathwayBrowser/#/R-MMU-877312	Regulation of IFNG signaling	IEA	Mus musculus
BIOMD0000000451	R-MMU-6783783	1.05482798273826E-7	https://reactome.org/PathwayBrowser/#/R-MMU-6783783	Interleukin-10 signaling	IEA	Mus musculus
BIOMD0000000451	R-MMU-877300	1.659604886850019E-7	https://reactome.org/PathwayBrowser/#/R-MMU-877300	Interferon gamma signaling	IEA	Mus musculus
BIOMD0000000451	R-MMU-8985947	8.593207049267804E-7	https://reactome.org/PathwayBrowser/#/R-MMU-8985947	Interleukin-9 signaling	IEA	Mus musculus
BIOMD0000000451	R-MMU-9020558	1.267720142106299E-4	https://reactome.org/PathwayBrowser/#/R-MMU-9020558	Interleukin-2 signaling	IEA	Mus musculus
BIOMD0000000451	R-MMU-8983432	2.0801075660337176E-4	https://reactome.org/PathwayBrowser/#/R-MMU-8983432	Interleukin-15 signaling	IEA	Mus musculus
BIOMD0000000451	R-MMU-209560	2.0801075660337176E-4	https://reactome.org/PathwayBrowser/#/R-MMU-209560	NF-kB is activated and signals survival	IEA	Mus musculus
BIOMD0000000451	R-MMU-1266695	4.760032706091488E-4	https://reactome.org/PathwayBrowser/#/R-MMU-1266695	Interleukin-7 signaling	IEA	Mus musculus
BIOMD0000000451	R-MMU-909733	0.0015188411435584914	https://reactome.org/PathwayBrowser/#/R-MMU-909733	Interferon alpha/beta signaling	IEA	Mus musculus
BIOMD0000000451	R-MMU-445989	0.0015188411435584914	https://reactome.org/PathwayBrowser/#/R-MMU-445989	TAK1 activates NFkB by phosphorylation and activation of IKKs complex	IEA	Mus musculus
BIOMD0000000595	R-HSA-5637810	2.0494352881428313E-9	https://reactome.org/PathwayBrowser/#/R-HSA-5637810	Constitutive Signaling by EGFRvIII	IEA	Homo sapiens
BIOMD0000000595	R-HSA-182971	9.420169533314038E-9	https://reactome.org/PathwayBrowser/#/R-HSA-182971	EGFR downregulation	IEA	Homo sapiens
BIOMD0000000595	R-HSA-1236382	2.5010391535573717E-9	https://reactome.org/PathwayBrowser/#/R-HSA-1236382	Constitutive Signaling by Ligand-Responsive EGFR Cancer Variants	IEA	Homo sapiens
BIOMD0000000595	R-HSA-177929	6.029450094757749E-8	https://reactome.org/PathwayBrowser/#/R-HSA-177929	Signaling by EGFR	IEA	Homo sapiens
BIOMD0000000595	R-HSA-179812	4.697552373755798E-7	https://reactome.org/PathwayBrowser/#/R-HSA-179812	GRB2 events in EGFR signaling	IEA	Homo sapiens
BIOMD0000000595	R-HSA-180336	5.054882435961972E-7	https://reactome.org/PathwayBrowser/#/R-HSA-180336	SHC1 events in EGFR signaling	IEA	Homo sapiens
BIOMD0000000595	R-HSA-1963640	7.333931212327727E-7	https://reactome.org/PathwayBrowser/#/R-HSA-1963640	GRB2 events in ERBB2 signaling	IEA	Homo sapiens
BIOMD0000000595	R-HSA-180292	6.551764568651919E-7	https://reactome.org/PathwayBrowser/#/R-HSA-180292	GAB1 signalosome	IEA	Homo sapiens
BIOMD0000000595	R-HSA-1250196	2.0317827189586524E-6	https://reactome.org/PathwayBrowser/#/R-HSA-1250196	SHC1 events in ERBB2 signaling	IEA	Homo sapiens
BIOMD0000000595	R-HSA-1251932	1.3835402847828249E-5	https://reactome.org/PathwayBrowser/#/R-HSA-1251932	PLCG1 events in ERBB2 signaling	IEA	Homo sapiens
BIOMD0000000595	R-HSA-212718	4.524931739802174E-5	https://reactome.org/PathwayBrowser/#/R-HSA-212718	EGFR interacts with phospholipase C-gamma	IEA	Homo sapiens
BIOMD0000000595	R-HSA-5638303	4.086736345954023E-5	https://reactome.org/PathwayBrowser/#/R-HSA-5638303	Inhibition of Signaling by Overexpressed EGFR	IEA	Homo sapiens
BIOMD0000000595	R-HSA-8847993	1.0202228421962722E-4	https://reactome.org/PathwayBrowser/#/R-HSA-8847993	ERBB2 Activates PTK6 Signaling	IEA	Homo sapiens
BIOMD0000000595	R-HSA-6785631	1.0326059984322455E-4	https://reactome.org/PathwayBrowser/#/R-HSA-6785631	ERBB2 Regulates Cell Motility	IEA	Homo sapiens
BIOMD0000000595	R-HSA-8875360	1.0326059984322455E-4	https://reactome.org/PathwayBrowser/#/R-HSA-8875360	InlB-mediated entry of Listeria monocytogenes into host cell	IEA	Homo sapiens
BIOMD0000000595	R-HSA-912631	1.5414310067107806E-4	https://reactome.org/PathwayBrowser/#/R-HSA-912631	Regulation of signaling by CBL	IEA	Homo sapiens
BIOMD0000000595	R-HSA-8865999	0.0044662778052757535	https://reactome.org/PathwayBrowser/#/R-HSA-8865999	MET activates PTPN11	IEA	Homo sapiens
BIOMD0000000034	R-DME-432501	1.2788835135002508E-4	https://reactome.org/PathwayBrowser/#/R-DME-432501	Transcription repression by PER and activation by PDP1	IEA	Drosophila melanogaste
BIOMD0000000034	R-DME-432620	1.2788835135002508E-4	https://reactome.org/PathwayBrowser/#/R-DME-432620	Dephosphorylation of PER	IEA	Drosophila melanogaste
BIOMD0000000034	R-DME-432524	0.0012095918119237048	https://reactome.org/PathwayBrowser/#/R-DME-432524	Degradation of PER	IEA	Drosophila melanogaste
BIOMD0000000034	R-DME-432626	0.00275387099951252	https://reactome.org/PathwayBrowser/#/R-DME-432626	Circadian Clock pathway	IEA	Drosophila melanogaste
BIOMD0000000034	R-DME-432560	0.0036705627730512225	https://reactome.org/PathwayBrowser/#/R-DME-432560	Transcription activation by CLK:CYC and repression by VRI	IEA	Drosophila melanogaste
BIOMD0000000139	R-MMU-1810476	4.9960036108132044E-15	https://reactome.org/PathwayBrowser/#/R-MMU-1810476	RIP-mediated NFkB activation via ZBP1	IEA	Mus musculus
BIOMD0000000139	R-MMU-933542	4.9960036108132044E-15	https://reactome.org/PathwayBrowser/#/R-MMU-933542	TRAF6 mediated NF-kB activation	IEA	Mus musculus
BIOMD0000000139	R-MMU-1169091	2.5646151868841116E-14	https://reactome.org/PathwayBrowser/#/R-MMU-1169091	Activation of NF-kappaB in B cells	IEA	Mus musculus
BIOMD0000000139	R-MMU-445989	7.09432512735475E-14	https://reactome.org/PathwayBrowser/#/R-MMU-445989	TAK1 activates NFkB by phosphorylation and activation of IKKs complex	IEA	Mus musculus
BIOMD0000000139	R-MMU-5684264	2.6694113586245294E-10	https://reactome.org/PathwayBrowser/#/R-MMU-5684264	MAP3K8 (TPL2)-dependent MAPK1/3 activation	IEA	Mus musculus
BIOMD0000000139	R-MMU-209560	9.53513704660125E-8	https://reactome.org/PathwayBrowser/#/R-MMU-209560	NF-kB is activated and signals survival	IEA	Mus musculus
BIOMD0000000380	R-SCE-70370	0.001713553859970851	https://reactome.org/PathwayBrowser/#/R-SCE-70370	Galactose catabolism	IEA	Saccharomyces cerevisiae
BIOMD0000000380	R-SCE-70221	0.002583028680933852	https://reactome.org/PathwayBrowser/#/R-SCE-70221	Glycogen breakdown (glycogenolysis)	IEA	Saccharomyces cerevisiae
BIOMD0000000380	R-SCE-3322077	0.0036059495109705964	https://reactome.org/PathwayBrowser/#/R-SCE-3322077	Glycogen synthesis	IEA	Saccharomyces cerevisiae
BIOMD0000000069	R-HSA-354192	9.359856806279154E-6	https://reactome.org/PathwayBrowser/#/R-HSA-354192	Integrin alphaIIb beta3 signaling	IEA	Homo sapiens
BIOMD0000000069	R-HSA-76009	2.268524113280268E-5	https://reactome.org/PathwayBrowser/#/R-HSA-76009	Platelet Aggregation (Plug Formation)	IEA	Homo sapiens
BIOMD0000000069	R-HSA-6802948	0.0020317465032524407	https://reactome.org/PathwayBrowser/#/R-HSA-6802948	Signaling by high-kinase activity BRAF mutants	IEA	Homo sapiens
BIOMD0000000069	R-HSA-9649948	0.0020317465032524407	https://reactome.org/PathwayBrowser/#/R-HSA-9649948	Signaling downstream of RAS mutants	IEA	Homo sapiens
BIOMD0000000069	R-HSA-6802946	0.0020317465032524407	https://reactome.org/PathwayBrowser/#/R-HSA-6802946	Signaling by moderate kinase activity BRAF mutants	IEA	Homo sapiens
BIOMD0000000069	R-HSA-6802955	0.0020317465032524407	https://reactome.org/PathwayBrowser/#/R-HSA-6802955	Paradoxical activation of RAF signaling by kinase inactive BRAF	IEA	Homo sapiens
BIOMD0000000069	R-HSA-6802952	0.003084723414321866	https://reactome.org/PathwayBrowser/#/R-HSA-6802952	Signaling by BRAF and RAF fusions	IEA	Homo sapiens
BIOMD0000000106	R-HSA-2142753	6.217248937900877E-15	https://reactome.org/PathwayBrowser/#/R-HSA-2142753	Arachidonic acid metabolism	IEA	Homo sapiens
BIOMD0000000106	R-HSA-2142691	5.455635943008019E-13	https://reactome.org/PathwayBrowser/#/R-HSA-2142691	Synthesis of Leukotrienes (LT) and Eoxins (EX)	IEA	Homo sapiens
BIOMD0000000106	R-HSA-2162123	7.3385297838513E-11	https://reactome.org/PathwayBrowser/#/R-HSA-2162123	Synthesis of Prostaglandins (PG) and Thromboxanes (TX)	IEA	Homo sapiens
BIOMD0000000106	R-HSA-2142712	3.028297612672759E-10	https://reactome.org/PathwayBrowser/#/R-HSA-2142712	Synthesis of 12-eicosatetraenoic acid derivatives	IEA	Homo sapiens
BIOMD0000000106	R-HSA-2142770	6.350266978927266E-10	https://reactome.org/PathwayBrowser/#/R-HSA-2142770	Synthesis of 15-eicosatetraenoic acid derivatives	IEA	Homo sapiens
BIOMD0000000106	R-HSA-211979	1.1655156839651681E-9	https://reactome.org/PathwayBrowser/#/R-HSA-211979	Eicosanoids	IEA	Homo sapiens
BIOMD0000000106	R-HSA-2142688	8.477199608947217E-8	https://reactome.org/PathwayBrowser/#/R-HSA-2142688	Synthesis of 5-eicosatetraenoic acids	IEA	Homo sapiens
BIOMD0000000106	R-HSA-2142700	9.685455926167208E-8	https://reactome.org/PathwayBrowser/#/R-HSA-2142700	Synthesis of Lipoxins (LX)	IEA	Homo sapiens
BIOMD0000000106	R-HSA-9018679	3.2774730263085416E-7	https://reactome.org/PathwayBrowser/#/R-HSA-9018679	Biosynthesis of EPA-derived SPMs	IEA	Homo sapiens
BIOMD0000000106	R-HSA-9023661	1.6271672875767251E-6	https://reactome.org/PathwayBrowser/#/R-HSA-9023661	Biosynthesis of E-series 18(R)-resolvins	IEA	Homo sapiens
BIOMD0000000106	R-HSA-5579032	9.155924724035813E-5	https://reactome.org/PathwayBrowser/#/R-HSA-5579032	Defective TBXAS1 causes Ghosal hematodiaphyseal dysplasia (GHDD)	IEA	Homo sapiens
BIOMD0000000106	R-HSA-9020265	1.9250298950479472E-4	https://reactome.org/PathwayBrowser/#/R-HSA-9020265	Biosynthesis of aspirin-triggered D-series resolvins	IEA	Homo sapiens
BIOMD0000000106	R-HSA-9018676	3.022969060912928E-4	https://reactome.org/PathwayBrowser/#/R-HSA-9018676	Biosynthesis of D-series resolvins	IEA	Homo sapiens
BIOMD0000000106	R-HSA-9025106	0.0012434012685709206	https://reactome.org/PathwayBrowser/#/R-HSA-9025106	Biosynthesis of DPAn-6 SPMs	IEA	Homo sapiens
BIOMD0000000106	R-HSA-140180	0.0015711080286164858	https://reactome.org/PathwayBrowser/#/R-HSA-140180	COX reactions	IEA	Homo sapiens
BIOMD0000000106	R-HSA-390666	0.0027138532823273165	https://reactome.org/PathwayBrowser/#/R-HSA-390666	Serotonin receptors	IEA	Homo sapiens
BIOMD0000000106	R-HSA-9026290	0.0031422879050074792	https://reactome.org/PathwayBrowser/#/R-HSA-9026290	Biosynthesis of DPAn-3-derived maresins	IEA	Homo sapiens
BIOMD0000000106	R-HSA-9018681	0.004498585660275278	https://reactome.org/PathwayBrowser/#/R-HSA-9018681	Biosynthesis of protectins	IEA	Homo sapiens
BIOMD0000000501	R-MMU-877312	0.0031199569661107818	https://reactome.org/PathwayBrowser/#/R-MMU-877312	Regulation of IFNG signaling	IEA	Mus musculus
BIOMD0000000343	R-HSA-74713	3.3665938592442046E-8	https://reactome.org/PathwayBrowser/#/R-HSA-74713	IRS activation	IEA	Homo sapiens
BIOMD0000000343	R-HSA-74752	2.134711632728603E-5	https://reactome.org/PathwayBrowser/#/R-HSA-74752	Signaling by Insulin receptor	IEA	Homo sapiens
BIOMD0000000343	R-HSA-77387	2.3111114384355425E-4	https://reactome.org/PathwayBrowser/#/R-HSA-77387	Insulin receptor recycling	IEA	Homo sapiens
BIOMD0000000500	R-MMU-877312	0.0031199569661107818	https://reactome.org/PathwayBrowser/#/R-MMU-877312	Regulation of IFNG signaling	IEA	Mus musculus
BIOMD0000000022	R-DME-432501	2.446931546273845E-12	https://reactome.org/PathwayBrowser/#/R-DME-432501	Transcription repression by PER and activation by PDP1	IEA	Drosophila melanogaste
BIOMD0000000022	R-DME-432620	4.299005595953531E-12	https://reactome.org/PathwayBrowser/#/R-DME-432620	Dephosphorylation of PER	IEA	Drosophila melanogaste
BIOMD0000000022	R-DME-432395	7.533188739472507E-9	https://reactome.org/PathwayBrowser/#/R-DME-432395	Degradation of TIM	IEA	Drosophila melanogaste
BIOMD0000000022	R-DME-432626	5.1279130941495055E-8	https://reactome.org/PathwayBrowser/#/R-DME-432626	Circadian Clock pathway	IEA	Drosophila melanogaste
BIOMD0000000022	R-DME-432490	5.1279130941495055E-8	https://reactome.org/PathwayBrowser/#/R-DME-432490	Nuclear import of PER and TIM	IEA	Drosophila melanogaste
BIOMD0000000022	R-DME-432524	6.399917340527139E-7	https://reactome.org/PathwayBrowser/#/R-DME-432524	Degradation of PER	IEA	Drosophila melanogaste
BIOMD0000000022	R-DME-538898	4.972069389541645E-7	https://reactome.org/PathwayBrowser/#/R-DME-538898	Dephosphorylation of TIM	IEA	Drosophila melanogaste
BIOMD0000000022	R-DME-432553	1.1660993833206845E-5	https://reactome.org/PathwayBrowser/#/R-DME-432553	Phosphorylation of PER and TIM	IEA	Drosophila melanogaste
BIOMD0000000022	R-DME-432560	3.790449855722855E-5	https://reactome.org/PathwayBrowser/#/R-DME-432560	Transcription activation by CLK:CYC and repression by VRI	IEA	Drosophila melanogaste
BIOMD0000000339	R-HSA-140875	2.220446049250313E-15	https://reactome.org/PathwayBrowser/#/R-HSA-140875	Common Pathway of Fibrin Clot Formation	IEA	Homo sapiens
BIOMD0000000339	R-HSA-140837	2.220446049250313E-15	https://reactome.org/PathwayBrowser/#/R-HSA-140837	Intrinsic Pathway of Fibrin Clot Formation	IEA	Homo sapiens
BIOMD0000000339	R-HSA-159763	1.3500311979441904E-13	https://reactome.org/PathwayBrowser/#/R-HSA-159763	Transport of gamma-carboxylated protein precursors from the endoplasmic reticulum to the Golgi apparatus	IEA	Homo sapiens
BIOMD0000000339	R-HSA-159782	2.063904602778166E-13	https://reactome.org/PathwayBrowser/#/R-HSA-159782	Removal of aminoterminal propeptides from gamma-carboxylated proteins	IEA	Homo sapiens
BIOMD0000000339	R-HSA-159740	1.9833024111903796E-12	https://reactome.org/PathwayBrowser/#/R-HSA-159740	Gamma-carboxylation of protein precursors	IEA	Homo sapiens
BIOMD0000000339	R-HSA-140834	5.0319748368110595E-12	https://reactome.org/PathwayBrowser/#/R-HSA-140834	Extrinsic Pathway of Fibrin Clot Formation	IEA	Homo sapiens
BIOMD0000000339	R-HSA-8957275	4.9326133960692076E-6	https://reactome.org/PathwayBrowser/#/R-HSA-8957275	Post-translational protein phosphorylation	IEA	Homo sapiens
BIOMD0000000339	R-HSA-354194	2.190276437330496E-5	https://reactome.org/PathwayBrowser/#/R-HSA-354194	GRB2:SOS provides linkage to MAPK signaling for Integrins 	IEA	Homo sapiens
BIOMD0000000339	R-HSA-372708	2.908822313951731E-5	https://reactome.org/PathwayBrowser/#/R-HSA-372708	p130Cas linkage to MAPK signaling for integrins	IEA	Homo sapiens
BIOMD0000000339	R-HSA-354192	1.1927444889325844E-4	https://reactome.org/PathwayBrowser/#/R-HSA-354192	Integrin alphaIIb beta3 signaling	IEA	Homo sapiens
BIOMD0000000339	R-HSA-6802948	2.0761015468395705E-4	https://reactome.org/PathwayBrowser/#/R-HSA-6802948	Signaling by high-kinase activity BRAF mutants	IEA	Homo sapiens
BIOMD0000000339	R-HSA-6802952	5.022560698610956E-4	https://reactome.org/PathwayBrowser/#/R-HSA-6802952	Signaling by BRAF and RAF fusions	IEA	Homo sapiens
BIOMD0000000434	R-HSA-8964038	1.13085538711033E-8	https://reactome.org/PathwayBrowser/#/R-HSA-8964038	LDL clearance	IEA	Homo sapiens
BIOMD0000000434	R-HSA-8964011	1.6446818129622898E-8	https://reactome.org/PathwayBrowser/#/R-HSA-8964011	HDL clearance	IEA	Homo sapiens
BIOMD0000000434	R-HSA-8964058	4.593127801433283E-7	https://reactome.org/PathwayBrowser/#/R-HSA-8964058	HDL remodeling	IEA	Homo sapiens
BIOMD0000000434	R-HSA-8964041	2.4400795555212795E-6	https://reactome.org/PathwayBrowser/#/R-HSA-8964041	LDL remodeling	IEA	Homo sapiens
BIOMD0000000434	R-HSA-8964026	3.0630985448087955E-6	https://reactome.org/PathwayBrowser/#/R-HSA-8964026	Chylomicron clearance	IEA	Homo sapiens
BIOMD0000000434	R-HSA-8964046	3.638669501260239E-6	https://reactome.org/PathwayBrowser/#/R-HSA-8964046	VLDL clearance	IEA	Homo sapiens
BIOMD0000000434	R-HSA-8963901	1.5043130132230687E-5	https://reactome.org/PathwayBrowser/#/R-HSA-8963901	Chylomicron remodeling	IEA	Homo sapiens
BIOMD0000000434	R-HSA-3000471	2.4460190428121642E-5	https://reactome.org/PathwayBrowser/#/R-HSA-3000471	Scavenging by Class B Receptors	IEA	Homo sapiens
BIOMD0000000434	R-HSA-8866423	4.244641668651461E-4	https://reactome.org/PathwayBrowser/#/R-HSA-8866423	VLDL assembly	IEA	Homo sapiens
BIOMD0000000434	R-HSA-8963888	8.770824216568496E-4	https://reactome.org/PathwayBrowser/#/R-HSA-8963888	Chylomicron assembly	IEA	Homo sapiens
BIOMD0000000434	R-HSA-3000497	0.001006101777625057	https://reactome.org/PathwayBrowser/#/R-HSA-3000497	Scavenging by Class H Receptors	IEA	Homo sapiens
BIOMD0000000434	R-HSA-3000484	0.0011438641252785597	https://reactome.org/PathwayBrowser/#/R-HSA-3000484	Scavenging by Class F Receptors	IEA	Homo sapiens
BIOMD0000000329	R-RNO-434316	0.0011833509734171521	https://reactome.org/PathwayBrowser/#/R-RNO-434316	Fatty Acids bound to GPR40 (FFAR1) regulate insulin secretion	IEA	Rattus norvegicus
BIOMD0000000329	R-RNO-112043	0.003532873737901454	https://reactome.org/PathwayBrowser/#/R-RNO-112043	PLC beta mediated events	IEA	Rattus norvegicus
BIOMD0000000612	R-HSA-8941333	0.0019302854377387657	https://reactome.org/PathwayBrowser/#/R-HSA-8941333	RUNX2 regulates genes involved in differentiation of myeloid cells	IEA	Homo sapiens
BIOMD0000000612	R-HSA-8941284	0.0019302854377387657	https://reactome.org/PathwayBrowser/#/R-HSA-8941284	RUNX2 regulates chondrocyte maturation	IEA	Homo sapiens
BIOMD0000000612	R-HSA-8941332	0.002167691800151972	https://reactome.org/PathwayBrowser/#/R-HSA-8941332	RUNX2 regulates genes involved in cell migration	IEA	Homo sapiens
BIOMD0000000468	R-HSA-354192	1.2545520178264269E-14	https://reactome.org/PathwayBrowser/#/R-HSA-354192	Integrin alphaIIb beta3 signaling	IEA	Homo sapiens
BIOMD0000000468	R-HSA-76009	1.2545520178264269E-14	https://reactome.org/PathwayBrowser/#/R-HSA-76009	Platelet Aggregation (Plug Formation)	IEA	Homo sapiens
BIOMD0000000468	R-HSA-2428933	7.44391215334872E-11	https://reactome.org/PathwayBrowser/#/R-HSA-2428933	SHC-related events triggered by IGF1R	IEA	Homo sapiens
BIOMD0000000468	R-HSA-1250196	8.374634319352481E-11	https://reactome.org/PathwayBrowser/#/R-HSA-1250196	SHC1 events in ERBB2 signaling	IEA	Homo sapiens
BIOMD0000000468	R-HSA-354194	2.0828083702184585E-10	https://reactome.org/PathwayBrowser/#/R-HSA-354194	GRB2:SOS provides linkage to MAPK signaling for Integrins 	IEA	Homo sapiens
BIOMD0000000468	R-HSA-5218920	2.4435509171638614E-10	https://reactome.org/PathwayBrowser/#/R-HSA-5218920	VEGFR2 mediated vascular permeability	IEA	Homo sapiens
BIOMD0000000468	R-HSA-177929	1.585796827185959E-9	https://reactome.org/PathwayBrowser/#/R-HSA-177929	Signaling by EGFR	IEA	Homo sapiens
BIOMD0000000468	R-HSA-5218921	1.923174619555823E-9	https://reactome.org/PathwayBrowser/#/R-HSA-5218921	VEGFR2 mediated cell proliferation	IEA	Homo sapiens
BIOMD0000000468	R-HSA-9034864	3.581554719467306E-9	https://reactome.org/PathwayBrowser/#/R-HSA-9034864	Activated NTRK3 signals through RAS	IEA	Homo sapiens
BIOMD0000000468	R-HSA-9026519	4.57802795672535E-9	https://reactome.org/PathwayBrowser/#/R-HSA-9026519	Activated NTRK2 signals through RAS	IEA	Homo sapiens
BIOMD0000000468	R-HSA-5654704	5.475175823832501E-8	https://reactome.org/PathwayBrowser/#/R-HSA-5654704	SHC-mediated cascade:FGFR3	IEA	Homo sapiens
BIOMD0000000468	R-HSA-167044	5.475175823832501E-8	https://reactome.org/PathwayBrowser/#/R-HSA-167044	Signalling to RAS	IEA	Homo sapiens
BIOMD0000000468	R-HSA-5654719	6.130266894111003E-8	https://reactome.org/PathwayBrowser/#/R-HSA-5654719	SHC-mediated cascade:FGFR4	IEA	Homo sapiens
BIOMD0000000468	R-HSA-5654688	9.537760048416999E-8	https://reactome.org/PathwayBrowser/#/R-HSA-5654688	SHC-mediated cascade:FGFR1	IEA	Homo sapiens
BIOMD0000000468	R-HSA-2871796	1.262053834771848E-7	https://reactome.org/PathwayBrowser/#/R-HSA-2871796	FCERI mediated MAPK activation	IEA	Homo sapiens
BIOMD0000000468	R-HSA-5654699	1.5288025245752124E-7	https://reactome.org/PathwayBrowser/#/R-HSA-5654699	SHC-mediated cascade:FGFR2	IEA	Homo sapiens
BIOMD0000000468	R-HSA-74751	1.6177585804300065E-7	https://reactome.org/PathwayBrowser/#/R-HSA-74751	Insulin receptor signalling cascade	IEA	Homo sapiens
BIOMD0000000468	R-HSA-2424491	2.1549992212932523E-7	https://reactome.org/PathwayBrowser/#/R-HSA-2424491	DAP12 signaling	IEA	Homo sapiens
BIOMD0000000468	R-HSA-203615	2.467499328195899E-7	https://reactome.org/PathwayBrowser/#/R-HSA-203615	eNOS activation	IEA	Homo sapiens
BIOMD0000000468	R-HSA-389356	2.909419605234831E-7	https://reactome.org/PathwayBrowser/#/R-HSA-389356	CD28 co-stimulation	IEA	Homo sapiens
BIOMD0000000468	R-HSA-8851805	5.148761956785819E-7	https://reactome.org/PathwayBrowser/#/R-HSA-8851805	MET activates RAS signaling	IEA	Homo sapiens
BIOMD0000000468	R-HSA-180336	8.829509763330634E-7	https://reactome.org/PathwayBrowser/#/R-HSA-180336	SHC1 events in EGFR signaling	IEA	Homo sapiens
BIOMD0000000468	R-HSA-9027284	8.829509763330634E-7	https://reactome.org/PathwayBrowser/#/R-HSA-9027284	Erythropoietin activates RAS	IEA	Homo sapiens
BIOMD0000000468	R-HSA-6802946	1.156772063914957E-6	https://reactome.org/PathwayBrowser/#/R-HSA-6802946	Signaling by moderate kinase activity BRAF mutants	IEA	Homo sapiens
BIOMD0000000468	R-HSA-9649948	1.156772063914957E-6	https://reactome.org/PathwayBrowser/#/R-HSA-9649948	Signaling downstream of RAS mutants	IEA	Homo sapiens
BIOMD0000000468	R-HSA-6802955	1.2659194590369793E-6	https://reactome.org/PathwayBrowser/#/R-HSA-6802955	Paradoxical activation of RAF signaling by kinase inactive BRAF	IEA	Homo sapiens
BIOMD0000000468	R-HSA-1250347	1.3135119090179614E-6	https://reactome.org/PathwayBrowser/#/R-HSA-1250347	SHC1 events in ERBB4 signaling	IEA	Homo sapiens
BIOMD0000000468	R-HSA-372708	1.3822065428881203E-6	https://reactome.org/PathwayBrowser/#/R-HSA-372708	p130Cas linkage to MAPK signaling for integrins	IEA	Homo sapiens
BIOMD0000000468	R-HSA-2871809	2.854595033130458E-6	https://reactome.org/PathwayBrowser/#/R-HSA-2871809	FCERI mediated Ca+2 mobilization	IEA	Homo sapiens
BIOMD0000000468	R-HSA-199418	3.0498556546909583E-6	https://reactome.org/PathwayBrowser/#/R-HSA-199418	Negative regulation of the PI3K/AKT network	IEA	Homo sapiens
BIOMD0000000468	R-HSA-6802952	3.8011238150392757E-6	https://reactome.org/PathwayBrowser/#/R-HSA-6802952	Signaling by BRAF and RAF fusions	IEA	Homo sapiens
BIOMD0000000468	R-HSA-112412	1.0133117772204159E-5	https://reactome.org/PathwayBrowser/#/R-HSA-112412	SOS-mediated signalling	IEA	Homo sapiens
BIOMD0000000468	R-HSA-74749	1.8467327938531675E-5	https://reactome.org/PathwayBrowser/#/R-HSA-74749	Signal attenuation	IEA	Homo sapiens
BIOMD0000000468	R-HSA-2730905	2.0308966707793807E-5	https://reactome.org/PathwayBrowser/#/R-HSA-2730905	Role of LAT2/NTAL/LAB on calcium mobilization	IEA	Homo sapiens
BIOMD0000000468	R-HSA-6802948	2.9396126572378556E-5	https://reactome.org/PathwayBrowser/#/R-HSA-6802948	Signaling by high-kinase activity BRAF mutants	IEA	Homo sapiens
BIOMD0000000468	R-HSA-179812	3.427254767374155E-5	https://reactome.org/PathwayBrowser/#/R-HSA-179812	GRB2 events in EGFR signaling	IEA	Homo sapiens
BIOMD0000000468	R-HSA-6811558	4.462416400341507E-5	https://reactome.org/PathwayBrowser/#/R-HSA-6811558	PI5P, PP2A and IER3 Regulate PI3K/AKT Signaling	IEA	Homo sapiens
BIOMD0000000468	R-HSA-418885	4.626539928542783E-5	https://reactome.org/PathwayBrowser/#/R-HSA-418885	DCC mediated attractive signaling	IEA	Homo sapiens
BIOMD0000000468	R-HSA-1963640	6.152084961907889E-5	https://reactome.org/PathwayBrowser/#/R-HSA-1963640	GRB2 events in ERBB2 signaling	IEA	Homo sapiens
BIOMD0000000468	R-HSA-5210891	7.062690550485584E-5	https://reactome.org/PathwayBrowser/#/R-HSA-5210891	Uptake and function of anthrax toxins	IEA	Homo sapiens
BIOMD0000000468	R-HSA-180292	8.05792777205383E-5	https://reactome.org/PathwayBrowser/#/R-HSA-180292	GAB1 signalosome	IEA	Homo sapiens
BIOMD0000000468	R-HSA-389357	1.1587060438289498E-4	https://reactome.org/PathwayBrowser/#/R-HSA-389357	CD28 dependent PI3K/Akt signaling	IEA	Homo sapiens
BIOMD0000000468	R-HSA-442982	1.295634106530663E-4	https://reactome.org/PathwayBrowser/#/R-HSA-442982	Ras activation upon Ca2+ influx through NMDA receptor	IEA	Homo sapiens
BIOMD0000000468	R-HSA-912526	1.6005191295098697E-4	https://reactome.org/PathwayBrowser/#/R-HSA-912526	Interleukin receptor SHC signaling	IEA	Homo sapiens
BIOMD0000000468	R-HSA-9620244	1.9490719816595004E-4	https://reactome.org/PathwayBrowser/#/R-HSA-9620244	Long-term potentiation	IEA	Homo sapiens
BIOMD0000000468	R-HSA-5674400	2.1405764331561272E-4	https://reactome.org/PathwayBrowser/#/R-HSA-5674400	Constitutive Signaling by AKT1 E17K in Cancer	IEA	Homo sapiens
BIOMD0000000468	R-HSA-5663213	3.6101281504552496E-4	https://reactome.org/PathwayBrowser/#/R-HSA-5663213	RHO GTPases Activate WASPs and WAVEs	IEA	Homo sapiens
BIOMD0000000468	R-HSA-9022535	3.6101281504552496E-4	https://reactome.org/PathwayBrowser/#/R-HSA-9022535	Loss of phosphorylation of MECP2 at T308	IEA	Homo sapiens
BIOMD0000000468	R-HSA-1489509	6.682191394800086E-4	https://reactome.org/PathwayBrowser/#/R-HSA-1489509	DAG and IP3 signaling	IEA	Homo sapiens
BIOMD0000000468	R-HSA-8851907	7.227742209486854E-4	https://reactome.org/PathwayBrowser/#/R-HSA-8851907	MET activates PI3K/AKT signaling	IEA	Homo sapiens
BIOMD0000000468	R-HSA-9603381	7.227742209486854E-4	https://reactome.org/PathwayBrowser/#/R-HSA-9603381	Activated NTRK3 signals through PI3K	IEA	Homo sapiens
BIOMD0000000468	R-HSA-445355	7.870694833381764E-4	https://reactome.org/PathwayBrowser/#/R-HSA-445355	Smooth Muscle Contraction	IEA	Homo sapiens
BIOMD0000000468	R-HSA-9028335	8.733316350225673E-4	https://reactome.org/PathwayBrowser/#/R-HSA-9028335	Activated NTRK2 signals through PI3K	IEA	Homo sapiens
BIOMD0000000468	R-HSA-442729	8.733316350225673E-4	https://reactome.org/PathwayBrowser/#/R-HSA-442729	CREB1 phosphorylation through the activation of CaMKII/CaMKK/CaMKIV cascasde	IEA	Homo sapiens
BIOMD0000000468	R-HSA-9634635	0.001037880988469908	https://reactome.org/PathwayBrowser/#/R-HSA-9634635	Estrogen-stimulated signaling through PRKCZ	IEA	Homo sapiens
BIOMD0000000468	R-HSA-9619229	0.001037880988469908	https://reactome.org/PathwayBrowser/#/R-HSA-9619229	Activation of RAC1 downstream of NMDARs	IEA	Homo sapiens
BIOMD0000000468	R-HSA-451308	0.0012163626826310336	https://reactome.org/PathwayBrowser/#/R-HSA-451308	Activation of Ca-permeable Kainate Receptor	IEA	Homo sapiens
BIOMD0000000468	R-HSA-111932	0.0012163626826310336	https://reactome.org/PathwayBrowser/#/R-HSA-111932	CaMK IV-mediated phosphorylation of CREB	IEA	Homo sapiens
BIOMD0000000468	R-HSA-2025928	0.0014087173014785126	https://reactome.org/PathwayBrowser/#/R-HSA-2025928	Calcineurin activates NFAT	IEA	Homo sapiens
BIOMD0000000468	R-HSA-8876493	0.0014087173014785126	https://reactome.org/PathwayBrowser/#/R-HSA-8876493	InlA-mediated entry of Listeria monocytogenes into host cells	IEA	Homo sapiens
BIOMD0000000468	R-HSA-112043	0.0015860034921144628	https://reactome.org/PathwayBrowser/#/R-HSA-112043	PLC beta mediated events	IEA	Homo sapiens
BIOMD0000000468	R-HSA-418359	0.0016148856111415366	https://reactome.org/PathwayBrowser/#/R-HSA-418359	Reduction of cytosolic Ca++ levels	IEA	Homo sapiens
BIOMD0000000468	R-HSA-425561	0.0016148856111415366	https://reactome.org/PathwayBrowser/#/R-HSA-425561	Sodium/Calcium exchangers	IEA	Homo sapiens
BIOMD0000000468	R-HSA-5607763	0.002315683068594865	https://reactome.org/PathwayBrowser/#/R-HSA-5607763	CLEC7A (Dectin-1) induces NFAT activation	IEA	Homo sapiens
BIOMD0000000468	R-HSA-171007	0.002468617464603806	https://reactome.org/PathwayBrowser/#/R-HSA-171007	p38MAPK events	IEA	Homo sapiens
BIOMD0000000468	R-HSA-1963642	0.002468617464603806	https://reactome.org/PathwayBrowser/#/R-HSA-1963642	PI3K events in ERBB2 signaling	IEA	Homo sapiens
BIOMD0000000468	R-HSA-5654710	0.00272155496599491	https://reactome.org/PathwayBrowser/#/R-HSA-5654710	PI-3K cascade:FGFR3	IEA	Homo sapiens
BIOMD0000000468	R-HSA-5654720	0.0029489463582652586	https://reactome.org/PathwayBrowser/#/R-HSA-5654720	PI-3K cascade:FGFR4	IEA	Homo sapiens
BIOMD0000000468	R-HSA-389513	0.0029489463582652586	https://reactome.org/PathwayBrowser/#/R-HSA-389513	CTLA4 inhibitory signaling	IEA	Homo sapiens
BIOMD0000000468	R-HSA-450321	0.003185120420173826	https://reactome.org/PathwayBrowser/#/R-HSA-450321	JNK (c-Jun kinases) phosphorylation and  activation mediated by activated human TAK1	IEA	Homo sapiens
BIOMD0000000468	R-HSA-2219530	0.0032036400169608292	https://reactome.org/PathwayBrowser/#/R-HSA-2219530	Constitutive Signaling by Aberrant PI3K in Cancer	IEA	Homo sapiens
BIOMD0000000468	R-HSA-9617324	0.0034300390950554593	https://reactome.org/PathwayBrowser/#/R-HSA-9617324	Negative regulation of NMDA receptor-mediated neuronal transmission	IEA	Homo sapiens
BIOMD0000000468	R-HSA-8949215	0.0034300390950554593	https://reactome.org/PathwayBrowser/#/R-HSA-8949215	Mitochondrial calcium ion transport	IEA	Homo sapiens
BIOMD0000000468	R-HSA-5654689	0.0036836644435929156	https://reactome.org/PathwayBrowser/#/R-HSA-5654689	PI-3K cascade:FGFR1	IEA	Homo sapiens
BIOMD0000000468	R-HSA-5654695	0.00449640289174047	https://reactome.org/PathwayBrowser/#/R-HSA-5654695	PI-3K cascade:FGFR2	IEA	Homo sapiens
BIOMD0000000468	R-HSA-8874081	0.004784477877931126	https://reactome.org/PathwayBrowser/#/R-HSA-8874081	MET activates PTK2 signaling	IEA	Homo sapiens
BIOMD0000000248	R-HSA-71288	0.0012410646707017303	https://reactome.org/PathwayBrowser/#/R-HSA-71288	Creatine metabolism	IEA	Homo sapiens
BIOMD0000000570	R-HSA-71288	2.325417403756802E-4	https://reactome.org/PathwayBrowser/#/R-HSA-71288	Creatine metabolism	IEA	Homo sapiens
BIOMD0000000399	R-HSA-5673001	4.68070027181966E-13	https://reactome.org/PathwayBrowser/#/R-HSA-5673001	RAF/MAP kinase cascade	IEA	Homo sapiens
BIOMD0000000399	R-HSA-9607240	5.265787805797117E-13	https://reactome.org/PathwayBrowser/#/R-HSA-9607240	FLT3 Signaling	IEA	Homo sapiens
BIOMD0000000399	R-HSA-179812	1.2802214843787851E-10	https://reactome.org/PathwayBrowser/#/R-HSA-179812	GRB2 events in EGFR signaling	IEA	Homo sapiens
BIOMD0000000399	R-HSA-180336	1.568061236412177E-10	https://reactome.org/PathwayBrowser/#/R-HSA-180336	SHC1 events in EGFR signaling	IEA	Homo sapiens
BIOMD0000000399	R-HSA-1963640	3.438490603357991E-10	https://reactome.org/PathwayBrowser/#/R-HSA-1963640	GRB2 events in ERBB2 signaling	IEA	Homo sapiens
BIOMD0000000399	R-HSA-5637810	1.7406909247341673E-10	https://reactome.org/PathwayBrowser/#/R-HSA-5637810	Constitutive Signaling by EGFRvIII	IEA	Homo sapiens
BIOMD0000000399	R-HSA-1250196	1.6881493980491769E-9	https://reactome.org/PathwayBrowser/#/R-HSA-1250196	SHC1 events in ERBB2 signaling	IEA	Homo sapiens
BIOMD0000000399	R-HSA-1236382	3.725073582927507E-10	https://reactome.org/PathwayBrowser/#/R-HSA-1236382	Constitutive Signaling by Ligand-Responsive EGFR Cancer Variants	IEA	Homo sapiens
BIOMD0000000399	R-HSA-177929	2.4319042779552547E-8	https://reactome.org/PathwayBrowser/#/R-HSA-177929	Signaling by EGFR	IEA	Homo sapiens
BIOMD0000000399	R-HSA-167044	8.508346360791563E-8	https://reactome.org/PathwayBrowser/#/R-HSA-167044	Signalling to RAS	IEA	Homo sapiens
BIOMD0000000399	R-HSA-5674499	4.0604766615714993E-7	https://reactome.org/PathwayBrowser/#/R-HSA-5674499	Negative feedback regulation of MAPK pathway	IEA	Homo sapiens
BIOMD0000000399	R-HSA-5675221	8.729664391360359E-7	https://reactome.org/PathwayBrowser/#/R-HSA-5675221	Negative regulation of MAPK pathway	IEA	Homo sapiens
BIOMD0000000399	R-HSA-112412	8.729664391360359E-7	https://reactome.org/PathwayBrowser/#/R-HSA-112412	SOS-mediated signalling	IEA	Homo sapiens
BIOMD0000000399	R-HSA-6802948	6.963799057402298E-7	https://reactome.org/PathwayBrowser/#/R-HSA-6802948	Signaling by high-kinase activity BRAF mutants	IEA	Homo sapiens
BIOMD0000000399	R-HSA-6802946	1.201847073417639E-6	https://reactome.org/PathwayBrowser/#/R-HSA-6802946	Signaling by moderate kinase activity BRAF mutants	IEA	Homo sapiens
BIOMD0000000399	R-HSA-9649948	1.201847073417639E-6	https://reactome.org/PathwayBrowser/#/R-HSA-9649948	Signaling downstream of RAS mutants	IEA	Homo sapiens
BIOMD0000000399	R-HSA-6802955	1.201847073417639E-6	https://reactome.org/PathwayBrowser/#/R-HSA-6802955	Paradoxical activation of RAF signaling by kinase inactive BRAF	IEA	Homo sapiens
BIOMD0000000399	R-HSA-5674135	8.729664391360359E-7	https://reactome.org/PathwayBrowser/#/R-HSA-5674135	MAP2K and MAPK activation	IEA	Homo sapiens
BIOMD0000000399	R-HSA-8851805	1.888038352437782E-6	https://reactome.org/PathwayBrowser/#/R-HSA-8851805	MET activates RAS signaling	IEA	Homo sapiens
BIOMD0000000399	R-HSA-6802952	3.4670471940057013E-6	https://reactome.org/PathwayBrowser/#/R-HSA-6802952	Signaling by BRAF and RAF fusions	IEA	Homo sapiens
BIOMD0000000399	R-HSA-180292	3.858240936738255E-6	https://reactome.org/PathwayBrowser/#/R-HSA-180292	GAB1 signalosome	IEA	Homo sapiens
BIOMD0000000399	R-HSA-2871796	1.7770908247283224E-5	https://reactome.org/PathwayBrowser/#/R-HSA-2871796	FCERI mediated MAPK activation	IEA	Homo sapiens
BIOMD0000000399	R-HSA-2424491	1.55350634596374E-5	https://reactome.org/PathwayBrowser/#/R-HSA-2424491	DAP12 signaling	IEA	Homo sapiens
BIOMD0000000399	R-HSA-182971	1.55350634596374E-5	https://reactome.org/PathwayBrowser/#/R-HSA-182971	EGFR downregulation	IEA	Homo sapiens
BIOMD0000000399	R-HSA-5673000	1.55350634596374E-5	https://reactome.org/PathwayBrowser/#/R-HSA-5673000	RAF activation	IEA	Homo sapiens
BIOMD0000000399	R-HSA-1251932	2.5262585148788652E-5	https://reactome.org/PathwayBrowser/#/R-HSA-1251932	PLCG1 events in ERBB2 signaling	IEA	Homo sapiens
BIOMD0000000399	R-HSA-212718	1.275112823618807E-4	https://reactome.org/PathwayBrowser/#/R-HSA-212718	EGFR interacts with phospholipase C-gamma	IEA	Homo sapiens
BIOMD0000000399	R-HSA-5638303	1.0080971970094499E-4	https://reactome.org/PathwayBrowser/#/R-HSA-5638303	Inhibition of Signaling by Overexpressed EGFR	IEA	Homo sapiens
BIOMD0000000399	R-HSA-8847993	2.675472465472062E-4	https://reactome.org/PathwayBrowser/#/R-HSA-8847993	ERBB2 Activates PTK6 Signaling	IEA	Homo sapiens
BIOMD0000000399	R-HSA-6785631	3.3821112374465834E-4	https://reactome.org/PathwayBrowser/#/R-HSA-6785631	ERBB2 Regulates Cell Motility	IEA	Homo sapiens
BIOMD0000000399	R-HSA-354194	2.352891296721893E-4	https://reactome.org/PathwayBrowser/#/R-HSA-354194	GRB2:SOS provides linkage to MAPK signaling for Integrins 	IEA	Homo sapiens
BIOMD0000000399	R-HSA-112409	5.991181546012303E-4	https://reactome.org/PathwayBrowser/#/R-HSA-112409	RAF-independent MAPK1/3 activation	IEA	Homo sapiens
BIOMD0000000399	R-HSA-912526	7.569045436663924E-4	https://reactome.org/PathwayBrowser/#/R-HSA-912526	Interleukin receptor SHC signaling	IEA	Homo sapiens
BIOMD0000000399	R-HSA-5663213	0.0013384108903673475	https://reactome.org/PathwayBrowser/#/R-HSA-5663213	RHO GTPases Activate WASPs and WAVEs	IEA	Homo sapiens
BIOMD0000000399	R-HSA-9649913	0.0036233867965513866	https://reactome.org/PathwayBrowser/#/R-HSA-9649913	RAS GTPase cycle mutants	IEA	Homo sapiens
BIOMD0000000399	R-HSA-6802953	0.004283030871391036	https://reactome.org/PathwayBrowser/#/R-HSA-6802953	RAS signaling downstream of NF1 loss-of-function variants	IEA	Homo sapiens
BIOMD0000000064	R-SCE-70171	5.931921620572211E-12	https://reactome.org/PathwayBrowser/#/R-SCE-70171	Glycolysis	IEA	Saccharomyces cerevisiae
BIOMD0000000064	R-SCE-70263	6.544165209732E-11	https://reactome.org/PathwayBrowser/#/R-SCE-70263	Gluconeogenesis	IEA	Saccharomyces cerevisiae
BIOMD0000000080	R-HSA-392023	1.466161303476099E-9	https://reactome.org/PathwayBrowser/#/R-HSA-392023	Adrenaline signalling through Alpha-2 adrenergic receptor	IEA	Homo sapiens
BIOMD0000000081	R-HSA-1660514	9.653103050899503E-6	https://reactome.org/PathwayBrowser/#/R-HSA-1660514	Synthesis of PIPs at the Golgi membrane	IEA	Homo sapiens
BIOMD0000000081	R-HSA-434316	1.1141889709853636E-4	https://reactome.org/PathwayBrowser/#/R-HSA-434316	Fatty Acids bound to GPR40 (FFAR1) regulate insulin secretion	IEA	Homo sapiens
BIOMD0000000081	R-HSA-1855204	4.722316612502109E-4	https://reactome.org/PathwayBrowser/#/R-HSA-1855204	Synthesis of IP3 and IP4 in the cytosol	IEA	Homo sapiens
BIOMD0000000081	R-HSA-1483226	0.0025256324121385454	https://reactome.org/PathwayBrowser/#/R-HSA-1483226	Synthesis of PI	IEA	Homo sapiens
BIOMD0000000081	R-HSA-1483248	0.0025256324121385454	https://reactome.org/PathwayBrowser/#/R-HSA-1483248	Synthesis of PIPs at the ER membrane	IEA	Homo sapiens
BIOMD0000000081	R-HSA-354194	0.0039481175447073635	https://reactome.org/PathwayBrowser/#/R-HSA-354194	GRB2:SOS provides linkage to MAPK signaling for Integrins 	IEA	Homo sapiens
BIOMD0000000081	R-HSA-372708	0.0039481175447073635	https://reactome.org/PathwayBrowser/#/R-HSA-372708	p130Cas linkage to MAPK signaling for integrins	IEA	Homo sapiens
BIOMD0000000019	R-HSA-5673001	8.260059303211165E-14	https://reactome.org/PathwayBrowser/#/R-HSA-5673001	RAF/MAP kinase cascade	IEA	Homo sapiens
BIOMD0000000019	R-HSA-9607240	9.29256671611256E-14	https://reactome.org/PathwayBrowser/#/R-HSA-9607240	FLT3 Signaling	IEA	Homo sapiens
BIOMD0000000019	R-HSA-179812	7.475853269767185E-11	https://reactome.org/PathwayBrowser/#/R-HSA-179812	GRB2 events in EGFR signaling	IEA	Homo sapiens
BIOMD0000000019	R-HSA-180336	8.16203771236701E-11	https://reactome.org/PathwayBrowser/#/R-HSA-180336	SHC1 events in EGFR signaling	IEA	Homo sapiens
BIOMD0000000019	R-HSA-1963640	1.8142554125688548E-10	https://reactome.org/PathwayBrowser/#/R-HSA-1963640	GRB2 events in ERBB2 signaling	IEA	Homo sapiens
BIOMD0000000019	R-HSA-5637810	9.341771800563947E-11	https://reactome.org/PathwayBrowser/#/R-HSA-5637810	Constitutive Signaling by EGFRvIII	IEA	Homo sapiens
BIOMD0000000019	R-HSA-1250196	8.97100171926013E-10	https://reactome.org/PathwayBrowser/#/R-HSA-1250196	SHC1 events in ERBB2 signaling	IEA	Homo sapiens
BIOMD0000000019	R-HSA-1236382	2.0087931318357732E-10	https://reactome.org/PathwayBrowser/#/R-HSA-1236382	Constitutive Signaling by Ligand-Responsive EGFR Cancer Variants	IEA	Homo sapiens
BIOMD0000000019	R-HSA-177929	1.4240182366620502E-8	https://reactome.org/PathwayBrowser/#/R-HSA-177929	Signaling by EGFR	IEA	Homo sapiens
BIOMD0000000019	R-HSA-167044	5.680759729287388E-8	https://reactome.org/PathwayBrowser/#/R-HSA-167044	Signalling to RAS	IEA	Homo sapiens
BIOMD0000000019	R-HSA-5674499	3.0465829459203064E-7	https://reactome.org/PathwayBrowser/#/R-HSA-5674499	Negative feedback regulation of MAPK pathway	IEA	Homo sapiens
BIOMD0000000019	R-HSA-5675221	5.836878191889383E-7	https://reactome.org/PathwayBrowser/#/R-HSA-5675221	Negative regulation of MAPK pathway	IEA	Homo sapiens
BIOMD0000000019	R-HSA-112412	6.011487041490682E-7	https://reactome.org/PathwayBrowser/#/R-HSA-112412	SOS-mediated signalling	IEA	Homo sapiens
BIOMD0000000019	R-HSA-6802948	4.6548417387271E-7	https://reactome.org/PathwayBrowser/#/R-HSA-6802948	Signaling by high-kinase activity BRAF mutants	IEA	Homo sapiens
BIOMD0000000019	R-HSA-9649948	8.039312495711215E-7	https://reactome.org/PathwayBrowser/#/R-HSA-9649948	Signaling downstream of RAS mutants	IEA	Homo sapiens
BIOMD0000000019	R-HSA-6802946	8.039312495711215E-7	https://reactome.org/PathwayBrowser/#/R-HSA-6802946	Signaling by moderate kinase activity BRAF mutants	IEA	Homo sapiens
BIOMD0000000019	R-HSA-6802955	8.039312495711215E-7	https://reactome.org/PathwayBrowser/#/R-HSA-6802955	Paradoxical activation of RAF signaling by kinase inactive BRAF	IEA	Homo sapiens
BIOMD0000000019	R-HSA-5674135	5.836878191889383E-7	https://reactome.org/PathwayBrowser/#/R-HSA-5674135	MAP2K and MAPK activation	IEA	Homo sapiens
BIOMD0000000019	R-HSA-6802952	2.322312310454322E-6	https://reactome.org/PathwayBrowser/#/R-HSA-6802952	Signaling by BRAF and RAF fusions	IEA	Homo sapiens
BIOMD0000000019	R-HSA-8851805	1.3905997700014439E-6	https://reactome.org/PathwayBrowser/#/R-HSA-8851805	MET activates RAS signaling	IEA	Homo sapiens
BIOMD0000000019	R-HSA-180292	2.8703249005390674E-6	https://reactome.org/PathwayBrowser/#/R-HSA-180292	GAB1 signalosome	IEA	Homo sapiens
BIOMD0000000019	R-HSA-2871796	1.194871641962969E-5	https://reactome.org/PathwayBrowser/#/R-HSA-2871796	FCERI mediated MAPK activation	IEA	Homo sapiens
BIOMD0000000019	R-HSA-2424491	1.0442391923826122E-5	https://reactome.org/PathwayBrowser/#/R-HSA-2424491	DAP12 signaling	IEA	Homo sapiens
BIOMD0000000019	R-HSA-182971	1.0442391923826122E-5	https://reactome.org/PathwayBrowser/#/R-HSA-182971	EGFR downregulation	IEA	Homo sapiens
BIOMD0000000019	R-HSA-5673000	1.0442391923826122E-5	https://reactome.org/PathwayBrowser/#/R-HSA-5673000	RAF activation	IEA	Homo sapiens
BIOMD0000000019	R-HSA-1251932	2.105717328004797E-5	https://reactome.org/PathwayBrowser/#/R-HSA-1251932	PLCG1 events in ERBB2 signaling	IEA	Homo sapiens
BIOMD0000000019	R-HSA-212718	1.0631639911240498E-4	https://reactome.org/PathwayBrowser/#/R-HSA-212718	EGFR interacts with phospholipase C-gamma	IEA	Homo sapiens
BIOMD0000000019	R-HSA-5638303	8.404815483886718E-5	https://reactome.org/PathwayBrowser/#/R-HSA-5638303	Inhibition of Signaling by Overexpressed EGFR	IEA	Homo sapiens
BIOMD0000000019	R-HSA-8847993	2.2316863665716724E-4	https://reactome.org/PathwayBrowser/#/R-HSA-8847993	ERBB2 Activates PTK6 Signaling	IEA	Homo sapiens
BIOMD0000000019	R-HSA-6785631	2.821449406165133E-4	https://reactome.org/PathwayBrowser/#/R-HSA-6785631	ERBB2 Regulates Cell Motility	IEA	Homo sapiens
BIOMD0000000019	R-HSA-354194	1.96249555771022E-4	https://reactome.org/PathwayBrowser/#/R-HSA-354194	GRB2:SOS provides linkage to MAPK signaling for Integrins 	IEA	Homo sapiens
BIOMD0000000019	R-HSA-112409	4.999791887358995E-4	https://reactome.org/PathwayBrowser/#/R-HSA-112409	RAF-independent MAPK1/3 activation	IEA	Homo sapiens
BIOMD0000000019	R-HSA-912526	6.317686444714532E-4	https://reactome.org/PathwayBrowser/#/R-HSA-912526	Interleukin receptor SHC signaling	IEA	Homo sapiens
BIOMD0000000019	R-HSA-5663213	0.0011177349551638738	https://reactome.org/PathwayBrowser/#/R-HSA-5663213	RHO GTPases Activate WASPs and WAVEs	IEA	Homo sapiens
BIOMD0000000019	R-HSA-2730905	0.004330409204196584	https://reactome.org/PathwayBrowser/#/R-HSA-2730905	Role of LAT2/NTAL/LAB on calcium mobilization	IEA	Homo sapiens
BIOMD0000000019	R-HSA-9649913	0.0030347756755219057	https://reactome.org/PathwayBrowser/#/R-HSA-9649913	RAS GTPase cycle mutants	IEA	Homo sapiens
BIOMD0000000019	R-HSA-8865999	0.004906323845896732	https://reactome.org/PathwayBrowser/#/R-HSA-8865999	MET activates PTPN11	IEA	Homo sapiens
BIOMD0000000019	R-HSA-6802953	0.0039268133705847585	https://reactome.org/PathwayBrowser/#/R-HSA-6802953	RAS signaling downstream of NF1 loss-of-function variants	IEA	Homo sapiens
BIOMD0000000623	R-RNO-5674499	4.993783164763954E-13	https://reactome.org/PathwayBrowser/#/R-RNO-5674499	Negative feedback regulation of MAPK pathway	IEA	Rattus norvegicus
BIOMD0000000623	R-RNO-9607240	4.766320671478752E-11	https://reactome.org/PathwayBrowser/#/R-RNO-9607240	FLT3 Signaling	IEA	Rattus norvegicus
BIOMD0000000623	R-RNO-5674135	9.832235026152603E-11	https://reactome.org/PathwayBrowser/#/R-RNO-5674135	MAP2K and MAPK activation	IEA	Rattus norvegicus
BIOMD0000000623	R-RNO-5675221	3.342379484294611E-9	https://reactome.org/PathwayBrowser/#/R-RNO-5675221	Negative regulation of MAPK pathway	IEA	Rattus norvegicus
BIOMD0000000623	R-RNO-170968	2.4325803593683304E-9	https://reactome.org/PathwayBrowser/#/R-RNO-170968	Frs2-mediated activation	IEA	Rattus norvegicus
BIOMD0000000623	R-RNO-5673001	1.0759339197363715E-8	https://reactome.org/PathwayBrowser/#/R-RNO-5673001	RAF/MAP kinase cascade	IEA	Rattus norvegicus
BIOMD0000000623	R-RNO-199418	3.1021917590301484E-8	https://reactome.org/PathwayBrowser/#/R-RNO-199418	Negative regulation of the PI3K/AKT network	IEA	Rattus norvegicus
BIOMD0000000623	R-RNO-9634638	7.395250500863426E-8	https://reactome.org/PathwayBrowser/#/R-RNO-9634638	Estrogen-dependent nuclear events downstream of ESR-membrane signaling	IEA	Rattus norvegicus
BIOMD0000000623	R-RNO-112409	1.5256254082274268E-6	https://reactome.org/PathwayBrowser/#/R-RNO-112409	RAF-independent MAPK1/3 activation	IEA	Rattus norvegicus
BIOMD0000000623	R-RNO-389357	1.5256254082274268E-6	https://reactome.org/PathwayBrowser/#/R-RNO-389357	CD28 dependent PI3K/Akt signaling	IEA	Rattus norvegicus
BIOMD0000000623	R-RNO-5673000	3.5730679335266302E-6	https://reactome.org/PathwayBrowser/#/R-RNO-5673000	RAF activation	IEA	Rattus norvegicus
BIOMD0000000623	R-RNO-198693	8.426736820332792E-6	https://reactome.org/PathwayBrowser/#/R-RNO-198693	AKT phosphorylates targets in the nucleus	IEA	Rattus norvegicus
BIOMD0000000623	R-RNO-6811558	1.2816481504418498E-5	https://reactome.org/PathwayBrowser/#/R-RNO-6811558	PI5P, PP2A and IER3 Regulate PI3K/AKT Signaling	IEA	Rattus norvegicus
BIOMD0000000623	R-RNO-198323	1.3425247365805859E-5	https://reactome.org/PathwayBrowser/#/R-RNO-198323	AKT phosphorylates targets in the cytosol	IEA	Rattus norvegicus
BIOMD0000000623	R-RNO-198753	3.910066603562967E-5	https://reactome.org/PathwayBrowser/#/R-RNO-198753	ERK/MAPK targets	IEA	Rattus norvegicus
BIOMD0000000623	R-RNO-112411	4.512937914700199E-4	https://reactome.org/PathwayBrowser/#/R-RNO-112411	MAPK1 (ERK2) activation	IEA	Rattus norvegicus
BIOMD0000000623	R-RNO-110056	4.512937914700199E-4	https://reactome.org/PathwayBrowser/#/R-RNO-110056	MAPK3 (ERK1) activation	IEA	Rattus norvegicus
BIOMD0000000623	R-RNO-202670	6.380899424431874E-4	https://reactome.org/PathwayBrowser/#/R-RNO-202670	ERKs are inactivated	IEA	Rattus norvegicus
BIOMD0000000623	R-RNO-1963642	9.931383580179531E-4	https://reactome.org/PathwayBrowser/#/R-RNO-1963642	PI3K events in ERBB2 signaling	IEA	Rattus norvegicus
BIOMD0000000623	R-RNO-180292	9.931383580179531E-4	https://reactome.org/PathwayBrowser/#/R-RNO-180292	GAB1 signalosome	IEA	Rattus norvegicus
BIOMD0000000623	R-RNO-354192	0.0014707630627817103	https://reactome.org/PathwayBrowser/#/R-RNO-354192	Integrin alphaIIb beta3 signaling	IEA	Rattus norvegicus
BIOMD0000000623	R-RNO-76009	0.0027833525608437215	https://reactome.org/PathwayBrowser/#/R-RNO-76009	Platelet Aggregation (Plug Formation)	IEA	Rattus norvegicus
BIOMD0000000623	R-RNO-109704	0.003759103487292581	https://reactome.org/PathwayBrowser/#/R-RNO-109704	PI3K Cascade	IEA	Rattus norvegicus
BIOMD0000000623	R-RNO-177929	0.003935136950036555	https://reactome.org/PathwayBrowser/#/R-RNO-177929	Signaling by EGFR	IEA	Rattus norvegicus
BIOMD0000000623	R-RNO-9604323	0.004350307968623235	https://reactome.org/PathwayBrowser/#/R-RNO-9604323	Negative regulation of NOTCH4 signaling	IEA	Rattus norvegicus
BIOMD0000000477	R-HSA-168188	3.1086244689504383E-15	https://reactome.org/PathwayBrowser/#/R-HSA-168188	Toll Like Receptor TLR6:TLR2 Cascade	IEA	Homo sapiens
BIOMD0000000477	R-HSA-168179	3.1086244689504383E-15	https://reactome.org/PathwayBrowser/#/R-HSA-168179	Toll Like Receptor TLR1:TLR2 Cascade	IEA	Homo sapiens
BIOMD0000000477	R-HSA-166016	3.1086244689504383E-15	https://reactome.org/PathwayBrowser/#/R-HSA-166016	Toll Like Receptor 4 (TLR4) Cascade	IEA	Homo sapiens
BIOMD0000000477	R-HSA-166058	3.1086244689504383E-15	https://reactome.org/PathwayBrowser/#/R-HSA-166058	MyD88:MAL(TIRAP) cascade initiated on plasma membrane	IEA	Homo sapiens
BIOMD0000000477	R-HSA-975871	3.1086244689504383E-15	https://reactome.org/PathwayBrowser/#/R-HSA-975871	MyD88 cascade initiated on plasma membrane	IEA	Homo sapiens
BIOMD0000000477	R-HSA-168142	3.1086244689504383E-15	https://reactome.org/PathwayBrowser/#/R-HSA-168142	Toll Like Receptor 10 (TLR10) Cascade	IEA	Homo sapiens
BIOMD0000000477	R-HSA-168176	3.1086244689504383E-15	https://reactome.org/PathwayBrowser/#/R-HSA-168176	Toll Like Receptor 5 (TLR5) Cascade	IEA	Homo sapiens
BIOMD0000000477	R-HSA-975155	3.1086244689504383E-15	https://reactome.org/PathwayBrowser/#/R-HSA-975155	MyD88 dependent cascade initiated on endosome	IEA	Homo sapiens
BIOMD0000000477	R-HSA-168181	3.1086244689504383E-15	https://reactome.org/PathwayBrowser/#/R-HSA-168181	Toll Like Receptor 7/8 (TLR7/8) Cascade	IEA	Homo sapiens
BIOMD0000000477	R-HSA-975138	3.1086244689504383E-15	https://reactome.org/PathwayBrowser/#/R-HSA-975138	TRAF6 mediated induction of NFkB and MAP kinases upon TLR7/8 or 9 activation	IEA	Homo sapiens
BIOMD0000000477	R-HSA-168138	3.1086244689504383E-15	https://reactome.org/PathwayBrowser/#/R-HSA-168138	Toll Like Receptor 9 (TLR9) Cascade	IEA	Homo sapiens
BIOMD0000000477	R-HSA-2454202	3.1086244689504383E-15	https://reactome.org/PathwayBrowser/#/R-HSA-2454202	Fc epsilon receptor (FCERI) signaling	IEA	Homo sapiens
BIOMD0000000477	R-HSA-166166	8.326672684688674E-15	https://reactome.org/PathwayBrowser/#/R-HSA-166166	MyD88-independent TLR4 cascade 	IEA	Homo sapiens
BIOMD0000000477	R-HSA-168164	1.5476508963274682E-13	https://reactome.org/PathwayBrowser/#/R-HSA-168164	Toll Like Receptor 3 (TLR3) Cascade	IEA	Homo sapiens
BIOMD0000000477	R-HSA-448424	4.2810199829546036E-13	https://reactome.org/PathwayBrowser/#/R-HSA-448424	Interleukin-17 signaling	IEA	Homo sapiens
BIOMD0000000477	R-HSA-5357956	6.960765297492344E-11	https://reactome.org/PathwayBrowser/#/R-HSA-5357956	TNFR1-induced NFkappaB signaling pathway	IEA	Homo sapiens
BIOMD0000000477	R-HSA-75893	2.3818380601170475E-9	https://reactome.org/PathwayBrowser/#/R-HSA-75893	TNF signaling	IEA	Homo sapiens
BIOMD0000000477	R-HSA-5357786	1.058281617893897E-8	https://reactome.org/PathwayBrowser/#/R-HSA-5357786	TNFR1-induced proapoptotic signaling	IEA	Homo sapiens
BIOMD0000000477	R-HSA-5602498	3.4227858880520046E-8	https://reactome.org/PathwayBrowser/#/R-HSA-5602498	MyD88 deficiency (TLR2/4)	IEA	Homo sapiens
BIOMD0000000477	R-HSA-1227986	4.0009290103171224E-8	https://reactome.org/PathwayBrowser/#/R-HSA-1227986	Signaling by ERBB2	IEA	Homo sapiens
BIOMD0000000477	R-HSA-6811558	4.0529443801062826E-8	https://reactome.org/PathwayBrowser/#/R-HSA-6811558	PI5P, PP2A and IER3 Regulate PI3K/AKT Signaling	IEA	Homo sapiens
BIOMD0000000477	R-HSA-5603041	4.1312673282334345E-8	https://reactome.org/PathwayBrowser/#/R-HSA-5603041	IRAK4 deficiency (TLR2/4)	IEA	Homo sapiens
BIOMD0000000477	R-HSA-199418	6.519894224510381E-8	https://reactome.org/PathwayBrowser/#/R-HSA-199418	Negative regulation of the PI3K/AKT network	IEA	Homo sapiens
BIOMD0000000477	R-HSA-450321	1.5686446097618045E-7	https://reactome.org/PathwayBrowser/#/R-HSA-450321	JNK (c-Jun kinases) phosphorylation and  activation mediated by activated human TAK1	IEA	Homo sapiens
BIOMD0000000477	R-HSA-5637810	1.5686446097618045E-7	https://reactome.org/PathwayBrowser/#/R-HSA-5637810	Constitutive Signaling by EGFRvIII	IEA	Homo sapiens
BIOMD0000000477	R-HSA-450302	1.5686446097618045E-7	https://reactome.org/PathwayBrowser/#/R-HSA-450302	activated TAK1 mediates p38 MAPK activation	IEA	Homo sapiens
BIOMD0000000477	R-HSA-450341	3.842699713985098E-7	https://reactome.org/PathwayBrowser/#/R-HSA-450341	Activation of the AP-1 family of transcription factors	IEA	Homo sapiens
BIOMD0000000477	R-HSA-2871796	5.468115383822081E-7	https://reactome.org/PathwayBrowser/#/R-HSA-2871796	FCERI mediated MAPK activation	IEA	Homo sapiens
BIOMD0000000477	R-HSA-1250196	5.672420377855758E-7	https://reactome.org/PathwayBrowser/#/R-HSA-1250196	SHC1 events in ERBB2 signaling	IEA	Homo sapiens
BIOMD0000000477	R-HSA-445989	7.207968908407025E-7	https://reactome.org/PathwayBrowser/#/R-HSA-445989	TAK1 activates NFkB by phosphorylation and activation of IKKs complex	IEA	Homo sapiens
BIOMD0000000477	R-HSA-1236382	8.163005391637057E-7	https://reactome.org/PathwayBrowser/#/R-HSA-1236382	Constitutive Signaling by Ligand-Responsive EGFR Cancer Variants	IEA	Homo sapiens
BIOMD0000000477	R-HSA-209543	1.0321426053838678E-6	https://reactome.org/PathwayBrowser/#/R-HSA-209543	p75NTR recruits signalling complexes	IEA	Homo sapiens
BIOMD0000000477	R-HSA-975163	1.3718804703355403E-6	https://reactome.org/PathwayBrowser/#/R-HSA-975163	IRAK2 mediated activation of TAK1 complex upon TLR7/8 or 9 stimulation	IEA	Homo sapiens
BIOMD0000000477	R-HSA-451927	1.5006522374738651E-6	https://reactome.org/PathwayBrowser/#/R-HSA-451927	Interleukin-2 family signaling	IEA	Homo sapiens
BIOMD0000000477	R-HSA-937072	1.6994741497411425E-6	https://reactome.org/PathwayBrowser/#/R-HSA-937072	TRAF6-mediated induction of TAK1 complex within TLR4 complex	IEA	Homo sapiens
BIOMD0000000477	R-HSA-1963642	3.0353779600922337E-6	https://reactome.org/PathwayBrowser/#/R-HSA-1963642	PI3K events in ERBB2 signaling	IEA	Homo sapiens
BIOMD0000000477	R-HSA-180292	3.618323730636419E-6	https://reactome.org/PathwayBrowser/#/R-HSA-180292	GAB1 signalosome	IEA	Homo sapiens
BIOMD0000000477	R-HSA-9020702	4.151541421748561E-6	https://reactome.org/PathwayBrowser/#/R-HSA-9020702	Interleukin-1 signaling	IEA	Homo sapiens
BIOMD0000000477	R-HSA-1251932	4.234048147644387E-6	https://reactome.org/PathwayBrowser/#/R-HSA-1251932	PLCG1 events in ERBB2 signaling	IEA	Homo sapiens
BIOMD0000000477	R-HSA-881907	4.280702991521501E-6	https://reactome.org/PathwayBrowser/#/R-HSA-881907	Gastrin-CREB signalling pathway via PKC and MAPK	IEA	Homo sapiens
BIOMD0000000477	R-HSA-177929	4.946875415967611E-6	https://reactome.org/PathwayBrowser/#/R-HSA-177929	Signaling by EGFR	IEA	Homo sapiens
BIOMD0000000477	R-HSA-5213460	6.968476114810329E-6	https://reactome.org/PathwayBrowser/#/R-HSA-5213460	RIPK1-mediated regulated necrosis	IEA	Homo sapiens
BIOMD0000000477	R-HSA-202424	6.968476114810329E-6	https://reactome.org/PathwayBrowser/#/R-HSA-202424	Downstream TCR signaling	IEA	Homo sapiens
BIOMD0000000477	R-HSA-933542	7.223086508911791E-6	https://reactome.org/PathwayBrowser/#/R-HSA-933542	TRAF6 mediated NF-kB activation	IEA	Homo sapiens
BIOMD0000000477	R-HSA-5673001	7.49336337202422E-6	https://reactome.org/PathwayBrowser/#/R-HSA-5673001	RAF/MAP kinase cascade	IEA	Homo sapiens
BIOMD0000000477	R-HSA-5674499	7.996130205079055E-6	https://reactome.org/PathwayBrowser/#/R-HSA-5674499	Negative feedback regulation of MAPK pathway	IEA	Homo sapiens
BIOMD0000000477	R-HSA-5218921	9.391308167128187E-6	https://reactome.org/PathwayBrowser/#/R-HSA-5218921	VEGFR2 mediated cell proliferation	IEA	Homo sapiens
BIOMD0000000477	R-HSA-9607240	1.253219851182763E-5	https://reactome.org/PathwayBrowser/#/R-HSA-9607240	FLT3 Signaling	IEA	Homo sapiens
BIOMD0000000477	R-HSA-2424491	1.5494464186693868E-5	https://reactome.org/PathwayBrowser/#/R-HSA-2424491	DAP12 signaling	IEA	Homo sapiens
BIOMD0000000477	R-HSA-182971	1.5494464186693868E-5	https://reactome.org/PathwayBrowser/#/R-HSA-182971	EGFR downregulation	IEA	Homo sapiens
BIOMD0000000477	R-HSA-212718	1.5494464186693868E-5	https://reactome.org/PathwayBrowser/#/R-HSA-212718	EGFR interacts with phospholipase C-gamma	IEA	Homo sapiens
BIOMD0000000477	R-HSA-937042	2.00748129153272E-5	https://reactome.org/PathwayBrowser/#/R-HSA-937042	IRAK2 mediated activation of TAK1 complex	IEA	Homo sapiens
BIOMD0000000477	R-HSA-5663213	2.1096978987111825E-5	https://reactome.org/PathwayBrowser/#/R-HSA-5663213	RHO GTPases Activate WASPs and WAVEs	IEA	Homo sapiens
BIOMD0000000477	R-HSA-9027277	2.547106826489287E-5	https://reactome.org/PathwayBrowser/#/R-HSA-9027277	Erythropoietin activates Phospholipase C gamma (PLCG)	IEA	Homo sapiens
BIOMD0000000477	R-HSA-9014325	2.547106826489287E-5	https://reactome.org/PathwayBrowser/#/R-HSA-9014325	TICAM1,TRAF6-dependent induction of TAK1 complex	IEA	Homo sapiens
BIOMD0000000477	R-HSA-2179392	2.547106826489287E-5	https://reactome.org/PathwayBrowser/#/R-HSA-2179392	EGFR Transactivation by Gastrin	IEA	Homo sapiens
BIOMD0000000477	R-HSA-5218900	3.174757935175965E-5	https://reactome.org/PathwayBrowser/#/R-HSA-5218900	CASP8 activity is inhibited	IEA	Homo sapiens
BIOMD0000000477	R-HSA-9645460	3.174757935175965E-5	https://reactome.org/PathwayBrowser/#/R-HSA-9645460	Alpha-protein kinase 1 signaling pathway	IEA	Homo sapiens
BIOMD0000000477	R-HSA-2871837	3.696801562969032E-5	https://reactome.org/PathwayBrowser/#/R-HSA-2871837	FCERI mediated NF-kB activation	IEA	Homo sapiens
BIOMD0000000477	R-HSA-209560	3.896814818793448E-5	https://reactome.org/PathwayBrowser/#/R-HSA-209560	NF-kB is activated and signals survival	IEA	Homo sapiens
BIOMD0000000477	R-HSA-179812	4.719603263136918E-5	https://reactome.org/PathwayBrowser/#/R-HSA-179812	GRB2 events in EGFR signaling	IEA	Homo sapiens
BIOMD0000000477	R-HSA-8983432	4.719603263136918E-5	https://reactome.org/PathwayBrowser/#/R-HSA-8983432	Interleukin-15 signaling	IEA	Homo sapiens
BIOMD0000000477	R-HSA-418890	4.719603263136918E-5	https://reactome.org/PathwayBrowser/#/R-HSA-418890	Role of second messengers in netrin-1 signaling	IEA	Homo sapiens
BIOMD0000000477	R-HSA-6802948	5.3323719296449745E-5	https://reactome.org/PathwayBrowser/#/R-HSA-6802948	Signaling by high-kinase activity BRAF mutants	IEA	Homo sapiens
BIOMD0000000477	R-HSA-1059683	5.649394932427665E-5	https://reactome.org/PathwayBrowser/#/R-HSA-1059683	Interleukin-6 signaling	IEA	Homo sapiens
BIOMD0000000477	R-HSA-9649948	6.174929372926297E-5	https://reactome.org/PathwayBrowser/#/R-HSA-9649948	Signaling downstream of RAS mutants	IEA	Homo sapiens
BIOMD0000000477	R-HSA-6802946	6.174929372926297E-5	https://reactome.org/PathwayBrowser/#/R-HSA-6802946	Signaling by moderate kinase activity BRAF mutants	IEA	Homo sapiens
BIOMD0000000477	R-HSA-6802955	6.631056194206231E-5	https://reactome.org/PathwayBrowser/#/R-HSA-6802955	Paradoxical activation of RAF signaling by kinase inactive BRAF	IEA	Homo sapiens
BIOMD0000000477	R-HSA-975110	6.692407661845756E-5	https://reactome.org/PathwayBrowser/#/R-HSA-975110	TRAF6 mediated IRF7 activation in TLR7/8 or 9 signaling	IEA	Homo sapiens
BIOMD0000000477	R-HSA-180336	7.854805748863658E-5	https://reactome.org/PathwayBrowser/#/R-HSA-180336	SHC1 events in EGFR signaling	IEA	Homo sapiens
BIOMD0000000477	R-HSA-1810476	7.854805748863658E-5	https://reactome.org/PathwayBrowser/#/R-HSA-1810476	RIP-mediated NFkB activation via ZBP1	IEA	Homo sapiens
BIOMD0000000477	R-HSA-1963640	1.0562149235460172E-4	https://reactome.org/PathwayBrowser/#/R-HSA-1963640	GRB2 events in ERBB2 signaling	IEA	Homo sapiens
BIOMD0000000477	R-HSA-5675482	1.0562149235460172E-4	https://reactome.org/PathwayBrowser/#/R-HSA-5675482	Regulation of necroptotic cell death	IEA	Homo sapiens
BIOMD0000000477	R-HSA-5674135	1.1222645386765873E-4	https://reactome.org/PathwayBrowser/#/R-HSA-5674135	MAP2K and MAPK activation	IEA	Homo sapiens
BIOMD0000000477	R-HSA-937041	1.1234702236051497E-4	https://reactome.org/PathwayBrowser/#/R-HSA-937041	IKK complex recruitment mediated by RIP1	IEA	Homo sapiens
BIOMD0000000477	R-HSA-6802952	1.3203450832111052E-4	https://reactome.org/PathwayBrowser/#/R-HSA-6802952	Signaling by BRAF and RAF fusions	IEA	Homo sapiens
BIOMD0000000477	R-HSA-112409	1.6453139054073418E-4	https://reactome.org/PathwayBrowser/#/R-HSA-112409	RAF-independent MAPK1/3 activation	IEA	Homo sapiens
BIOMD0000000477	R-HSA-912694	1.6453139054073418E-4	https://reactome.org/PathwayBrowser/#/R-HSA-912694	Regulation of IFNA signaling	IEA	Homo sapiens
BIOMD0000000477	R-HSA-8856828	2.2125002431594432E-4	https://reactome.org/PathwayBrowser/#/R-HSA-8856828	Clathrin-mediated endocytosis	IEA	Homo sapiens
BIOMD0000000477	R-HSA-5626978	3.019628519120854E-4	https://reactome.org/PathwayBrowser/#/R-HSA-5626978	TNFR1-mediated ceramide production	IEA	Homo sapiens
BIOMD0000000477	R-HSA-3134963	4.1023737933909565E-4	https://reactome.org/PathwayBrowser/#/R-HSA-3134963	DEx/H-box helicases activate type I IFN and inflammatory cytokines production 	IEA	Homo sapiens
BIOMD0000000477	R-HSA-2219530	4.909386779581304E-4	https://reactome.org/PathwayBrowser/#/R-HSA-2219530	Constitutive Signaling by Aberrant PI3K in Cancer	IEA	Homo sapiens
BIOMD0000000477	R-HSA-5675221	7.031514342665801E-4	https://reactome.org/PathwayBrowser/#/R-HSA-5675221	Negative regulation of MAPK pathway	IEA	Homo sapiens
BIOMD0000000477	R-HSA-2562578	8.325387048071509E-4	https://reactome.org/PathwayBrowser/#/R-HSA-2562578	TRIF-mediated programmed cell death	IEA	Homo sapiens
BIOMD0000000477	R-HSA-8851907	8.325387048071509E-4	https://reactome.org/PathwayBrowser/#/R-HSA-8851907	MET activates PI3K/AKT signaling	IEA	Homo sapiens
BIOMD0000000477	R-HSA-9028335	0.0010054917884863013	https://reactome.org/PathwayBrowser/#/R-HSA-9028335	Activated NTRK2 signals through PI3K	IEA	Homo sapiens
BIOMD0000000477	R-HSA-8985947	0.0010054917884863013	https://reactome.org/PathwayBrowser/#/R-HSA-8985947	Interleukin-9 signaling	IEA	Homo sapiens
BIOMD0000000477	R-HSA-112411	0.0011943855030769335	https://reactome.org/PathwayBrowser/#/R-HSA-112411	MAPK1 (ERK2) activation	IEA	Homo sapiens
BIOMD0000000477	R-HSA-9020958	0.0011943855030769335	https://reactome.org/PathwayBrowser/#/R-HSA-9020958	Interleukin-21 signaling	IEA	Homo sapiens
BIOMD0000000477	R-HSA-110056	0.0013991289994916833	https://reactome.org/PathwayBrowser/#/R-HSA-110056	MAPK3 (ERK1) activation	IEA	Homo sapiens
BIOMD0000000477	R-HSA-5638303	0.001619631803379873	https://reactome.org/PathwayBrowser/#/R-HSA-5638303	Inhibition of Signaling by Overexpressed EGFR	IEA	Homo sapiens
BIOMD0000000477	R-HSA-975144	0.0021075553018554682	https://reactome.org/PathwayBrowser/#/R-HSA-975144	IRAK1 recruits IKK complex upon TLR7/8 or 9 stimulation	IEA	Homo sapiens
BIOMD0000000477	R-HSA-937039	0.0021075553018554682	https://reactome.org/PathwayBrowser/#/R-HSA-937039	IRAK1 recruits IKK complex	IEA	Homo sapiens
BIOMD0000000477	R-HSA-877312	0.0021075553018554682	https://reactome.org/PathwayBrowser/#/R-HSA-877312	Regulation of IFNG signaling	IEA	Homo sapiens
BIOMD0000000477	R-HSA-8984722	0.0021075553018554682	https://reactome.org/PathwayBrowser/#/R-HSA-8984722	Interleukin-35 Signalling	IEA	Homo sapiens
BIOMD0000000477	R-HSA-1169091	0.002556856091897597	https://reactome.org/PathwayBrowser/#/R-HSA-1169091	Activation of NF-kappaB in B cells	IEA	Homo sapiens
BIOMD0000000477	R-HSA-8847993	0.0026574396478136197	https://reactome.org/PathwayBrowser/#/R-HSA-8847993	ERBB2 Activates PTK6 Signaling	IEA	Homo sapiens
BIOMD0000000477	R-HSA-168927	0.0029553948963900734	https://reactome.org/PathwayBrowser/#/R-HSA-168927	TICAM1, RIP1-mediated IKK complex recruitment	IEA	Homo sapiens
BIOMD0000000477	R-HSA-6785631	0.0029553948963900734	https://reactome.org/PathwayBrowser/#/R-HSA-6785631	ERBB2 Regulates Cell Motility	IEA	Homo sapiens
BIOMD0000000477	R-HSA-354194	0.0031558066098693605	https://reactome.org/PathwayBrowser/#/R-HSA-354194	GRB2:SOS provides linkage to MAPK signaling for Integrins 	IEA	Homo sapiens
BIOMD0000000477	R-HSA-6783783	0.0031558066098693605	https://reactome.org/PathwayBrowser/#/R-HSA-6783783	Interleukin-10 signaling	IEA	Homo sapiens
BIOMD0000000477	R-HSA-5654710	0.0031558066098693605	https://reactome.org/PathwayBrowser/#/R-HSA-5654710	PI-3K cascade:FGFR3	IEA	Homo sapiens
BIOMD0000000477	R-HSA-5654720	0.0031558066098693605	https://reactome.org/PathwayBrowser/#/R-HSA-5654720	PI-3K cascade:FGFR4	IEA	Homo sapiens
BIOMD0000000477	R-HSA-5654689	0.0031558066098693605	https://reactome.org/PathwayBrowser/#/R-HSA-5654689	PI-3K cascade:FGFR1	IEA	Homo sapiens
BIOMD0000000477	R-HSA-912526	0.0033789497428494686	https://reactome.org/PathwayBrowser/#/R-HSA-912526	Interleukin receptor SHC signaling	IEA	Homo sapiens
BIOMD0000000477	R-HSA-8854691	0.0033789497428494686	https://reactome.org/PathwayBrowser/#/R-HSA-8854691	Interleukin-20 family signaling	IEA	Homo sapiens
BIOMD0000000477	R-HSA-5654695	0.00384673626492793	https://reactome.org/PathwayBrowser/#/R-HSA-5654695	PI-3K cascade:FGFR2	IEA	Homo sapiens
